"sex","age","student","employed","sleep","courses","studying","gpa","attend","cigarett","coffee","soda","tv","alcohol","dogs","cats","parents","sexual","condoms","accident","speed","physical","intellig","money","car","stress","relaxed","worry","notblue","disturbe","upset","mood","swings","irritate","blue","intell#","money#","car#","stress#","relax#","worry#","notblue#","disturb#","upset#","mood#","swings#","irritat#","blue#","attend#","condom#","speed#","neur","drink"
"Female",20,"Full-time","Part-time",8,5,4,2.5,"Always",0,0,0,5,6,0,1,"No","Yes","Always",1,"Always",0,"Disagree","Neutral","Disagree","Agree","Agree","Agree","Strongly Disagree","Disagree","Disagree","Agree","Disagree","Disagree","Agree",2,3,2,4,2,4,5,2,2,4,2,2,4,5,5,5,31,1
"Female",34,"Full-time","Part-time",8,4,11,3,"Always",0,0,0,6,0,1,8,"No","Yes","Often",1,"Rarely",6,"Agree","Strongly Agree","Strongly Agree","Strongly Disagree","Strongly Agree","Neutral","Agree","Strongly Disagree","Strongly Disagree","Disagree","Disagree","Strongly Disagree","Disagree",4,5,5,1,1,3,2,1,1,2,2,1,2,5,4,2,16,0
"Female",21,"Full-time","Not employed",7,6,30,3,"Always",2,2,2,5,20,0,0,"Yes","Yes","Never",4,"Often",0,"Strongly Agree","Agree","Strongly Disagree","Strongly Agree","Neutral","Agree","Disagree","Neutral","Disagree","Agree","Agree","Disagree","Neutral",5,4,1,5,3,4,4,3,2,4,4,2,3,5,1,4,34,1
"Female",22,"Full-time","Part-time",8,5,7.5,2,"Always",0,0,1,3,2,0,0,"No","Yes","Always",1,"Sometimes",6,"Agree","Neutral","Disagree","Neutral","Neutral","Agree","Disagree","Agree","Agree","Neutral","Disagree","Neutral","Disagree",4,3,2,3,3,4,4,4,4,3,2,3,2,5,5,3,32,1
"Female",20,"Full-time","Full-time",8,4,10,3,"Always",0,0,0,3,3,0,0,"No","Yes","Never",3,"Sometimes",20,"Strongly Agree","Neutral","Neutral","Disagree","Agree","Neutral","Agree","Disagree","Disagree","Disagree","Disagree","Disagree","Disagree",5,3,3,2,2,3,2,2,2,2,2,2,2,5,1,3,21,1
"Female",18,"Full-time","Full-time",8,4,2,3,"Often",0,1,3,4,0.5,2,0,"Yes","Yes","Often",0,"Often",4,"Disagree","Agree","Neutral","Agree","Neutral","Agree","Agree","Neutral","Neutral","Neutral","Disagree","Disagree","Agree",2,4,3,4,3,4,2,3,3,3,2,2,4,4,4,4,30,1
"Female",19,"Full-time","Not employed",4,6,2,3,"Sometimes",10,2,10,1,0,0,1,"Yes","Yes","Always",0,"Often",8,"Agree","Disagree","Agree","Strongly Disagree","Agree","Agree","Strongly Disagree","Strongly Disagree","Disagree","Disagree","Strongly Disagree","Disagree","Strongly Agree",4,2,4,1,2,4,5,1,2,2,1,2,5,3,5,4,25,0
"Female",19,"Full-time","Not employed",4,5,4,3,"Often",0,0,0,6,4,5,0,"No","Yes","Often",1,"Rarely",3.5,"Agree","Neutral","Disagree","Neutral","Agree","Agree","Neutral","Neutral","Neutral","Neutral","Disagree","Disagree","Disagree",4,3,2,3,2,4,3,3,3,3,2,2,2,4,4,2,27,1
"Female",19,"Full-time","Part-time",8,5,17,3.5,"Always",0,5,1,7,1,1,0,"Yes","Yes","Often",0,"Rarely",2,"Agree","Disagree","Disagree","Strongly Agree","Strongly Disagree","Strongly Agree","Disagree","Agree","Agree","Disagree","Disagree","Agree","Disagree",4,2,2,5,5,5,4,4,4,2,2,4,2,5,4,2,37,1
"Female",18,"Full-time","Part-time",8,6,8,3,"Often",0,0,0,9,0,0,1,"Yes","Yes","Always",0,"Sometimes",5,"Neutral","Neutral","Disagree","Agree","Agree","Agree","Agree","Disagree","Neutral","Neutral","Neutral","Neutral","Disagree",3,3,2,4,2,4,2,2,3,3,3,3,2,4,5,3,28,0
"Female",43,"Full-time","Not employed",5,2,27.5,3,"Always",0,7,0,2,2,1,0,"No","Yes","Never",2,"Rarely",3,"Neutral","Strongly Disagree","Agree","Disagree","Neutral","Neutral","Agree","Neutral","Neutral","Disagree","Disagree","Disagree","Disagree",3,1,4,2,3,3,2,3,3,2,2,2,2,5,1,2,24,1
"Female",30,"Full-time","Not employed",2.5,5,28.5,3.8,"Always",0,0,10,16,0,1,0,"No","Yes","Never",1,"Often",0,"Disagree","Disagree","Disagree","Strongly Agree","Strongly Disagree","Strongly Agree","Disagree","Strongly Agree","Agree","Agree","Agree","Strongly Agree","Agree",2,2,2,5,5,5,4,5,4,4,4,5,4,5,1,4,45,0
"Female",20,"Full-time","Part-time",8,4,8,3,"Often",0,0,3,15,20,0,0,"No","Yes","Rarely",0,"Sometimes",2,"Neutral","Strongly Disagree","Strongly Disagree","Disagree","Strongly Agree","Agree","Agree","Neutral","Disagree","Agree","Neutral","Agree","Disagree",3,1,1,2,1,4,2,3,2,4,3,4,2,4,2,3,27,1
"Female",21,"Full-time","Part-time",8,4,2,2.5,"Always",0,2,10,0,0,1,0,"No","Yes","Never",2,"Rarely",9,"Agree","Neutral","Neutral","Agree","Disagree","Agree","Strongly Disagree","Strongly Disagree","Agree","Neutral","Neutral","Neutral","Strongly Disagree",4,3,3,4,4,4,5,1,4,3,3,3,1,5,1,2,32,0
"Female",21,"Full-time","Not employed",10,4,3,2,"Always",1,0,20,28,5,1,0,"Yes","Yes","Often",0,"Always",2,"Strongly Agree","Strongly Agree","Strongly Agree","Agree","Strongly Agree","Agree","Agree","Strongly Disagree","Strongly Disagree","Strongly Agree","Neutral","Neutral","Disagree",5,5,5,4,1,4,2,1,1,5,3,3,2,5,4,5,26,1
"Female",22,"Full-time","Part-time",7,5,7,3.7,"Often",0,1,0,3,1,0,0,"Yes","Yes","Sometimes",1,"Sometimes",5.5,"Agree","Disagree","Agree","Neutral","Agree","Neutral","Agree","Disagree","Disagree","Neutral","Disagree","Disagree","Strongly Disagree",4,2,4,3,2,3,2,2,2,3,2,2,1,4,3,3,22,1
"Female",22,"Full-time","Part-time",6,2,7,2.5,"Often",0,8,12,10,0,0,1,"Yes","Yes","Always",1,"Rarely",3,"Neutral","Strongly Agree","Strongly Agree","Strongly Agree","Disagree","Agree","Neutral","Agree","Strongly Agree","Agree","Agree","Strongly Agree","Neutral",3,5,5,5,4,4,3,4,5,4,4,5,3,4,5,2,41,0
"Female",18,"Full-time","Not employed",7,6,20,2.5,"Always",0,0,0,20,0,0,0,"No","Yes","Rarely",0,"Often",0,"Neutral","Agree","Disagree","Agree","Disagree","Strongly Agree","Neutral","Disagree","Disagree","Disagree","Disagree","Disagree","Neutral",3,4,2,4,4,5,3,2,2,2,2,2,3,5,2,4,29,0
"Female",20,"Full-time","Full-time",8,5,3,2.33,"Often",0,8,8,15,3,1,0,"Yes","Yes","Never",2,"Sometimes",14,"Agree","Disagree","Neutral","Disagree","Agree","Agree","Agree","Disagree","Agree","Strongly Disagree","Disagree","Disagree","Disagree",4,2,3,2,2,4,2,2,4,1,2,2,2,4,1,3,23,1
"Female",26,"Full-time","Full-time",11,5,6,2.5,"Always",0,0,4,3,0,1,0,"No","Yes","Never",2,"Often",2,"Neutral","Disagree","Agree","Agree","Disagree","Strongly Agree","Disagree","Neutral","Neutral","Neutral","Disagree","Agree","Neutral",3,2,4,4,4,5,4,3,3,3,2,4,3,5,1,4,35,0
"Female",20,"Full-time","Part-time",11,4,6,3.5,"Always",0,0,8,10,0,1,0,"No","Yes","Rarely",2,"Sometimes",2,"Agree","Disagree","Agree","Agree","Disagree","Agree","Agree","Agree","Agree","Agree","Neutral","Agree","Agree",4,2,4,4,4,4,2,4,4,4,3,4,4,5,2,3,37,0
"Female",19,"Full-time","Not employed",8,4,4,3.5,"Sometimes",0,0,1,4,3,0,0,"No","Yes","Always",1,"Often",10,"Agree","Disagree","Disagree","Disagree","Agree","Disagree","Agree","Disagree","Disagree","Disagree","Disagree","Agree","Disagree",4,2,2,2,2,2,2,2,2,2,2,4,2,3,5,4,22,1
"Female",18,"Full-time","Not employed",6,4,2,2.5,"Often",0,1,3,3,4,0,1,"No","Yes","Always",0,"Often",3,"Agree","Neutral","Disagree","Neutral","Neutral","Agree","Disagree","Agree","Agree","Neutral","Neutral","Neutral","Disagree",4,3,2,3,3,4,4,4,4,3,3,3,2,4,5,4,33,1
"Female",20,"Full-time","Full-time",5,4,2,3.1,"Often",0,0,0,6,6,1,0,"No","Yes","Always",0,"Often",0,"Agree","Agree","Strongly Agree","Neutral","Neutral","Neutral","Agree","Neutral","Neutral","Agree","Agree","Agree","Disagree",4,4,5,3,3,3,2,3,3,4,4,4,2,4,5,4,31,1
"Female",19,"Full-time","Part-time",4,5,5,3.5,"Often",0,0,3,3,0,0,0,"No","Yes","Never",0,"Often",0,"Neutral","Disagree","Agree","Agree","Disagree","Agree","Neutral","Disagree","Agree","Disagree","Disagree","Agree","Neutral",3,2,4,4,4,4,3,2,4,2,2,4,3,4,1,4,32,0
"Female",19,"Full-time","Part-time",6,5,5,3,"Always",0,0,0,1,0,1,0,"No","Yes","Always",0,"Sometimes",7,"Neutral","Neutral","Neutral","Agree","Disagree","Agree","Neutral","Agree","Strongly Disagree","Strongly Disagree","Strongly Disagree","Strongly Disagree","Disagree",3,3,3,4,4,4,3,4,1,1,1,1,2,5,5,3,25,0
"Female",20,"Full-time","Not employed",7,5,5.5,2.75,"Sometimes",15,2,10,15,0.5,0,0,"No","Yes","Rarely",3,"Rarely",3.5,"Neutral","Neutral","Strongly Agree","Disagree","Neutral","Strongly Agree","Agree","Agree","Disagree","Neutral","Neutral","Disagree","Strongly Agree",3,3,5,2,3,5,2,4,2,3,3,2,5,3,2,2,31,1
"Female",20,"Full-time","Not employed",7,5,5.5,2.75,"Sometimes",15,2,14,3.5,0.5,0,0,"No","Yes","Rarely",3,"Rarely",4.5,"Neutral","Neutral","Agree","Agree","Neutral","Strongly Agree","Strongly Agree","Agree","Neutral","Strongly Agree","Strongly Agree","Agree","Strongly Agree",3,3,4,4,3,5,1,4,3,5,5,4,5,3,2,2,39,1
"Female",21,"Full-time","Part-time",10,4,4,3.5,"Always",0,0,5,3,1.5,1,0,"Yes","Yes","Always",0,"Rarely",2,"Agree","Agree","Agree","Agree","Agree","Agree","Agree","Neutral","Neutral","Neutral","Neutral","Neutral","Disagree",4,4,4,4,2,4,2,3,3,3,3,3,2,5,5,2,29,1
"Female",21,"Full-time","Full-time",8.5,2,10,3,"Often",0,0,5,15,1,0,0,"No","Yes","Often",2,"Sometimes",10,"Agree","Disagree","Agree","Agree","Disagree","Strongly Agree","Neutral","Disagree","Neutral","Agree","Neutral","Agree","Neutral",4,2,4,4,4,5,3,2,3,4,3,4,3,4,4,3,35,1
"Female",21,"Full-time","Full-time",8,2,12,3,"Often",0,0,5,15,1,0,0,"No","Yes","Often",2,"Sometimes",10,"Agree","Disagree","Agree","Agree","Disagree","Strongly Agree","Neutral","Disagree","Neutral","Agree","Neutral","Disagree","Disagree",4,2,4,4,4,5,3,2,3,4,3,2,2,4,4,3,32,1
"Female",38,"Part-time","Full-time",9,3,4,2.8,"Always",0,0,25,20,1,0,0,"No","Yes","Never",2,"Sometimes",4,"Agree","Neutral","Agree","Disagree","Agree","Agree","Strongly Agree","Disagree","Disagree","Disagree","Disagree","Disagree","Strongly Disagree",4,3,4,2,2,4,1,2,2,2,2,2,1,5,1,3,20,1
"Female",22,"Full-time","Not employed",7,5,25,4,"Always",0,2,9,14,3,5,0,"Yes","Yes","Sometimes",1,"Often",6.5,"Strongly Agree","Disagree","Agree","Agree","Strongly Agree","Agree","Neutral","Disagree","Disagree","Agree","Disagree","Agree","Disagree",5,2,4,4,1,4,3,2,2,4,2,4,2,5,3,4,28,1
"Female",24,"Full-time","Part-time",5,3,10,3,"Always",0,0,0,0,3,1,0,"Yes","No","Always",2,"Sometimes",15,"Agree","Disagree","Agree","Disagree","Agree","Agree","Agree","Disagree","Disagree","Neutral","Disagree","Disagree","Strongly Disagree",4,2,4,2,2,4,2,2,2,3,2,2,1,5,5,3,22,1
"Female",31,"Part-time","Full-time",6,1,4,3,"Often",0,6,1,4,2,2,2,"No","Yes","Never",1,"Sometimes",5,"Agree","Agree","Agree","Disagree","Disagree","Agree","Disagree","Disagree","Disagree","Agree","Agree","Agree","Agree",4,4,4,2,4,4,4,2,2,4,4,4,4,4,1,3,34,1
"Female",18,"Full-time","Not employed",6,2,6,3,"Often",15,0,3,4,1,1,4,"No","Yes","Never",1,"Rarely",2,"Agree","Agree","Agree","Agree","Neutral","Agree","Neutral","Neutral","Neutral","Neutral","Neutral","Neutral","Neutral",4,4,4,4,3,4,3,3,3,3,3,3,3,4,1,2,32,1
"Female",35,"Full-time","Full-time",6,2,35,3,"Often",30,1,25,8,0,1,0,"No","Yes","Never",4,"Sometimes",1,"Agree","Neutral","Strongly Agree","Agree","Neutral","Agree","Disagree","Neutral","Disagree","Neutral","Disagree","Disagree","Disagree",4,3,5,4,3,4,4,3,2,3,2,2,2,4,1,3,29,0
"Female",26,"Full-time","Part-time",8,2,20,3.5,"Often",0,0,3,5,0,3,0,"No","Yes","Never",0,"Often",1,"Strongly Agree","Disagree","Strongly Agree","Strongly Disagree","Agree","Neutral","Agree","Disagree","Disagree","Disagree","Disagree","Disagree","Disagree",5,2,5,1,2,3,2,2,2,2,2,2,2,4,1,4,20,0
"Female",19,"Full-time","Part-time",5,1,3,3,"Often",0,2,2,0,1,0,0,"No","Yes","Sometimes",1,"Sometimes",21,"Agree","Disagree","Neutral","Strongly Agree","Neutral","Strongly Agree","Neutral","Agree","Agree","Strongly Agree","Strongly Agree","Agree","Neutral",4,2,3,5,3,5,3,4,4,5,5,4,3,4,3,3,41,1
"Female",32,"Full-time","Not employed",8,2,7,4,"Always",0,7.5,1,10,0,0,0,"No","Yes","Always",1,"Sometimes",5,"Neutral","Agree","Strongly Agree","Neutral","Neutral","Neutral","Neutral","Strongly Disagree","Neutral","Disagree","Disagree","Disagree","Disagree",3,4,5,3,3,3,3,1,3,2,2,2,2,5,5,3,24,0
"Female",20,"Full-time","Not employed",7,3,6,3.2,"Often",0,0,10,12,2,1,0,"Yes","Yes","Always",1,"Always",0,"Neutral","Disagree","Strongly Agree","Disagree","Agree","Agree","Disagree","Disagree","Disagree","Neutral","Agree","Disagree","Agree",3,2,5,2,2,4,4,2,2,3,4,2,4,4,5,5,29,1
"Female",20,"Full-time","Full-time",2,2,2,2,"Never",2,2,2,2,2,2,2,"Yes","Yes","Never",2,"Never",2,"Strongly Disagree","Neutral","Strongly Disagree","Strongly Disagree","Strongly Disagree","Strongly Disagree","Strongly Disagree","Strongly Disagree","Strongly Disagree","Strongly Disagree","Strongly Disagree","Strongly Disagree","Strongly Disagree",1,3,1,1,5,1,5,1,1,1,1,1,1,1,1,1,18,1
"Female",21,"Full-time","Part-time",8,2,6,3,"Often",0,0,10,3,2,2,0,"Yes","Yes","Always",1,"Sometimes",4,"Strongly Agree","Disagree","Strongly Agree","Disagree","Disagree","Neutral","Neutral","Agree","Disagree","Disagree","Neutral","Agree","Strongly Disagree",5,2,5,2,4,3,3,4,2,2,3,4,1,4,5,3,28,1
"Female",18,"Full-time","Part-time",6,2,11,3.5,"Always",1.5,0,1,4.5,0,1,2,"Yes","Yes","Always",1,"Rarely",7.5,"Neutral","Disagree","Neutral","Disagree","Strongly Agree","Disagree","Agree","Disagree","Disagree","Strongly Disagree","Strongly Disagree","Strongly Disagree","Strongly Disagree",3,2,3,2,1,2,2,2,2,1,1,1,1,5,5,2,15,0
"Female",24,"Full-time","Not employed",8,2,12,3,"Often",0,0,3,5,0,0,1,"No","Yes","Always",0,"Never",0.5,"Neutral","Disagree","Strongly Disagree","Disagree","Agree","Disagree","Agree","Disagree","Neutral","Disagree","Neutral","Neutral","Disagree",3,2,1,2,2,2,2,2,3,2,3,3,2,4,5,1,23,0
"Female",20,"Full-time","Part-time",6,1,7,3.7,"Always",0,0,5,2,0,2,0,"Yes","Yes","Often",0,"Often",4,"Agree","Agree","Strongly Agree","Agree","Neutral","Strongly Agree","Agree","Neutral","Agree","Agree","Agree","Disagree","Disagree",4,4,5,4,3,5,2,3,4,4,4,2,2,5,4,4,33,0
"Female",20,"Full-time","Part-time",7,1,2,2.5,"Often",4,0,4,10,0,0,0,"No","Yes","Rarely",1,"Sometimes",2,"Neutral","Neutral","Disagree","Agree","Neutral","Agree","Neutral","Agree","Agree","Agree","Neutral","Agree","Neutral",3,3,2,4,3,4,3,4,4,4,3,4,3,4,2,3,36,0
"Female",20,"Full-time","Not employed",6,2,25,2,"Often",7,4,1,7,10,0,1,"Yes","Yes","Never",0,"Sometimes",5,"Neutral","Disagree","Agree","Neutral","Neutral","Strongly Agree","Neutral","Agree","Agree","Strongly Agree","Strongly Agree","Agree","Neutral",3,2,4,3,3,5,3,4,4,5,5,4,3,4,1,3,39,1
"Female",34,"Full-time","Full-time",7,1,8,2,"Always",20,30,20,20,2,1,0,"No","Yes","Always",1,"Often",1,"Neutral","Disagree","Agree","Agree","Neutral","Agree","Disagree","Neutral","Neutral","Disagree","Strongly Disagree","Agree","Neutral",3,2,4,4,3,4,4,3,3,2,1,4,3,5,5,4,31,1
"Female",19,"Full-time","Not employed",6.25,2,6,2.9,"Often",0,0,17.5,10,0.5,0,0,"No","Yes","Sometimes",0,"Often",3.5,"Neutral","Neutral","Disagree","Neutral","Neutral","Agree","Agree","Agree","Neutral","Neutral","Neutral","Agree","Neutral",3,3,2,3,3,4,2,4,3,3,3,4,3,4,3,4,32,1
"Female",20,"Full-time","Part-time",9,2,10,3.5,"Always",0,0,2,10,1,1,1,"Yes","Yes","Always",2,"Often",1,"Agree","Disagree","Agree","Strongly Agree","Strongly Disagree","Strongly Agree","Disagree","Agree","Strongly Agree","Agree","Agree","Strongly Agree","Disagree",4,2,4,5,5,5,4,4,5,4,4,5,2,5,5,4,43,1
"Female",19,"Full-time","Not employed",6,1,6.5,2.5,"Always",15,14,5,8,0,0,0,"No","Yes","Always",1,"Sometimes",3,"Neutral","Neutral","Agree","Agree","Neutral","Agree","Neutral","Neutral","Disagree","Disagree","Disagree","Disagree","Disagree",3,3,4,4,3,4,3,3,2,2,2,2,2,5,5,3,27,0
"Female",21,"Full-time","Not employed",8,2,10,3,"Always",0,0,2,5,2,0,0,"Yes","Yes","Rarely",0,"Sometimes",4,"Neutral","Disagree","Disagree","Strongly Agree","Strongly Disagree","Strongly Agree","Strongly Agree","Neutral","Disagree","Disagree","Disagree","Disagree","Agree",3,2,2,5,5,5,1,3,2,2,2,2,4,5,2,3,31,1
"Female",41,"Full-time","Full-time",8,2,25,4,"Always",0,20,3,1,5,2,0,"No","Yes","Never",2,"Often",2,"Strongly Agree","Disagree","Strongly Agree","Strongly Disagree","Disagree","Agree","Agree","Disagree","Strongly Disagree","Disagree","Disagree","Disagree","Disagree",5,2,5,1,4,4,2,2,1,2,2,2,2,5,1,4,22,1
"Female",19,"Full-time","Part-time",6,2,7,2.5,"Always",0.5,2,16,3,2.5,1,0,"Yes","Yes","Often",2,"Always",6,"Agree","Agree","Agree","Strongly Agree","Strongly Disagree","Neutral","Neutral","Agree","Agree","Neutral","Neutral","Strongly Agree","Strongly Disagree",4,4,4,5,5,3,3,4,4,3,3,5,1,5,4,5,36,1
"Female",30,"Full-time","Not employed",9,4,4,3.375,"Often",2,0,3,20,15,0,1,"No","Yes","Often",0,"Often",3,"Strongly Agree","Disagree","Neutral","Strongly Disagree","Strongly Agree","Disagree","Neutral","Neutral","Disagree","Neutral","Disagree","Agree","Neutral",5,2,3,1,1,2,3,3,2,3,2,4,3,4,4,4,24,1
"Female",23,"Full-time","Not employed",6.5,3,12,4,"Always",0,0,10,10,2,0,0,"Yes","Yes","Often",0,"Rarely",5,"Agree","Disagree","Disagree","Agree","Agree","Agree","Disagree","Neutral","Agree","Agree","Disagree","Agree","Agree",4,2,2,4,2,4,4,3,4,4,2,4,4,5,4,2,35,1
"Female",18,"Full-time","Not employed",6,1,4,2,"Always",0,1,4,1,0,2,0,"Yes","Yes","Rarely",0,"Often",0,"Agree","Strongly Disagree","Strongly Disagree","Strongly Agree","Strongly Disagree","Strongly Agree","Strongly Disagree","Strongly Agree","Strongly Agree","Strongly Agree","Strongly Agree","Strongly Agree","Strongly Agree",4,1,1,5,5,5,5,5,5,5,5,5,5,5,2,4,50,0
"Female",20,"Full-time","Part-time",9,2,8,3.5,"Always",0,0,5,6,0,0,0,"No","Yes","Sometimes",1,"Sometimes",5,"Neutral","Disagree","Agree","Strongly Agree","Disagree","Strongly Agree","Disagree","Disagree","Neutral","Disagree","Strongly Agree","Strongly Agree","Agree",3,2,4,5,4,5,4,2,3,2,5,5,4,5,3,3,39,0
"Female",20,"Full-time","Part-time",6,1,2,2,"Always",0,2,1,2,0,0,0,"No","Yes","Often",1,"Sometimes",5,"Neutral","Neutral","Disagree","Disagree","Strongly Agree","Strongly Agree","Agree","Neutral","Disagree","Strongly Disagree","Strongly Disagree","Neutral","Disagree",3,3,2,2,1,5,2,3,2,1,1,3,2,5,4,3,22,0
"Female",47,"Part-time","Part-time",7,1,7,2,"Often",0,0,6,7,0,0,3,"No","Yes","Never",2,"Rarely",0,"Neutral","Strongly Disagree","Neutral","Neutral","Agree","Neutral","Disagree","Neutral","Neutral","Neutral","Disagree","Neutral","Neutral",3,1,3,3,2,3,4,3,3,3,2,3,3,4,1,2,29,0
"Female",20,"Full-time","Part-time",6,1,3,2,"Often",0,1,0,0,1,0,0,"No","Yes","Rarely",0,"Sometimes",2,"Neutral","Neutral","Strongly Disagree","Disagree","Agree","Strongly Agree","Neutral","Strongly Disagree","Strongly Disagree","Strongly Disagree","Strongly Disagree","Strongly Disagree","Disagree",3,3,1,2,2,5,3,1,1,1,1,1,2,4,2,3,19,1
"Female",20,"Full-time","Not employed",8,5,3,3,"Always",0,0,1,50,0,0,1,"No","Yes","Always",1,"Rarely",2,"Strongly Agree","Disagree","Disagree","Neutral","Agree","Agree","Disagree","Neutral","Disagree","Disagree","Disagree","Disagree","Neutral",5,2,2,3,2,4,4,3,2,2,2,2,3,5,5,2,27,0
"Female",21,"Full-time","Part-time",8,27,5,4,"Often",0,1,0,2,0,0,0,"No","Yes","Rarely",3,"Sometimes",10,"Agree","Disagree","Strongly Disagree","Disagree","Agree","Neutral","Neutral","Disagree","Agree","Disagree","Disagree","Disagree","Disagree",4,2,1,2,2,3,3,2,4,2,2,2,2,4,2,3,24,0
"Female",21,"Part-time","Full-time",7,2,6,2.5,"Often",0,0,5,4,0,3,3,"Yes","No","Never",0,"Often",3,"Neutral","Strongly Disagree","Agree","Disagree","Agree","Disagree","Neutral","Disagree","Disagree","Disagree","Disagree","Disagree","Disagree",3,1,4,2,2,2,3,2,2,2,2,2,2,4,1,4,21,0
"Female",22,"Full-time","Part-time",5,4,5,3.5,"Always",0,0,1,4,0,0,0,"Yes","No","Never",3,"Always",12,"Agree","Disagree","Disagree","Neutral","Agree","Neutral","Agree","Disagree","Disagree","Disagree","Disagree","Disagree","Disagree",4,2,2,3,2,3,2,2,2,2,2,2,2,5,1,5,22,0
"Female",23,"Full-time","Part-time",4,3,12,3.5,"Always",20,10,2,5,2,0,0,"No","Yes","Sometimes",0,"Sometimes",1,"Agree","Agree","Strongly Agree","Neutral","Disagree","Agree","Agree","Disagree","Disagree","Neutral","Neutral","Disagree","Disagree",4,4,5,3,4,4,2,2,2,3,3,2,2,5,3,3,27,1
"Female",21,"Full-time","Part-time",6,1,4,3.8,"Always",0,0,2,2,0,2,0,"Yes","Yes","Sometimes",1,"Sometimes",5,"Agree","Strongly Disagree","Strongly Agree","Disagree","Agree","Agree","Disagree","Strongly Disagree","Strongly Disagree","Disagree","Disagree","Strongly Disagree","Agree",4,1,5,2,2,4,4,1,1,2,2,1,4,5,3,3,23,0
"Female",21,"Full-time","Part-time",7,2,6,3,"Always",0,0,0,3,4,0,0,"No","Yes","Never",1,"Often",6,"Agree","Disagree","Disagree","Agree","Neutral","Agree","Neutral","Agree","Agree","Agree","Agree","Agree","Neutral",4,2,2,4,3,4,3,4,4,4,4,4,3,5,1,4,37,1
"Female",21,"Full-time","Part-time",7.5,2,6,2,"Often",0,0,3,9,0,0,0,"No","Yes","Always",0,"Sometimes",7,"Agree","Neutral","Agree","Agree","Neutral","Agree","Agree","Disagree","Disagree","Neutral","Disagree","Disagree","Disagree",4,3,4,4,3,4,2,2,2,3,2,2,2,4,5,3,26,0
"Female",24,"Full-time","Part-time",6,2,25,3,"Often",10,20,20,2,10,5,2,"Yes","Yes","Never",2,"Rarely",40.5,"Agree","Disagree","Agree","Agree","Disagree","Strongly Agree","Agree","Disagree","Agree","Disagree","Disagree","Neutral","Disagree",4,2,4,4,4,5,2,2,4,2,2,3,2,4,1,2,30,1
"Female",18,"Full-time","Not employed",5,4,3,3,"Often",0,1,10,1,5,0,1,"No","No","Sometimes",1,"Often",1,"Agree","Strongly Agree","Strongly Agree","Disagree","Agree","Agree","Neutral","Agree","Agree","Strongly Agree","Strongly Agree","Agree","Neutral",4,5,5,2,2,4,3,4,4,5,5,4,3,4,3,4,36,1
"Female",21,"Full-time","Not employed",5,4,6,3,"Often",0,0,1,10,3,0,0,"No","Yes","Often",0,"Often",3,"Agree","Agree","Strongly Agree","Disagree","Neutral","Strongly Disagree","Disagree","Disagree","Disagree","Neutral","Neutral","Neutral","Strongly Disagree",4,4,5,2,3,1,4,2,2,3,3,3,1,4,4,4,24,1
"Female",18,"Full-time","Part-time",7,4,2,3,"Always",0,0,3,7,0,1,0,"Yes","Yes","Always",1,"Often",4,"Agree","Agree","Neutral","Neutral","Neutral","Neutral","Agree","Disagree","Disagree","Disagree","Disagree","Disagree","Disagree",4,4,3,3,3,3,2,2,2,2,2,2,2,5,5,4,23,0
"Female",18,"Full-time","Not employed",9,4,3,3.5,"Always",0,0,28,2,0,1,2,"Yes","Yes","Rarely",0,"Never",2,"Strongly Agree","Disagree","Disagree","Neutral","Neutral","Neutral","Agree","Disagree","Agree","Agree","Neutral","Agree","Disagree",5,2,2,3,3,3,2,2,4,4,3,4,2,5,2,1,30,0
"Female",19,"Full-time","Part-time",7,4,25,3.5,"Always",0,0,0,0.5,0,0,0,"Yes","Yes","Often",2,"Often",7,"Neutral","Disagree","Agree","Agree","Disagree","Agree","Neutral","Agree","Neutral","Strongly Agree","Strongly Agree","Agree","Neutral",3,2,4,4,4,4,3,4,3,5,5,4,3,5,4,4,39,0
"Female",30,"Full-time","Part-time",8,12,12.5,3.5,"Often",7.5,0,5,10,30,0,0,"No","Yes","Never",1,"Sometimes",0,"Agree","Disagree","Neutral","Strongly Agree","Strongly Disagree","Strongly Agree","Disagree","Strongly Agree","Strongly Agree","Agree","Strongly Agree","Neutral","Agree",4,2,3,5,5,5,4,5,5,4,5,3,4,4,1,3,45,1
"Female",30,"Full-time","Not employed",6.5,4,20,4,"Always",0,0,1,5,0,1,0,"No","Yes","Never",1,"Rarely",3.5,"Neutral","Neutral","Agree","Neutral","Neutral","Agree","Agree","Disagree","Disagree","Neutral","Disagree","Neutral","Disagree",3,3,4,3,3,4,2,2,2,3,2,3,2,5,1,2,26,0
"Female",28,"Part-time","Full-time",4,2,12,2.5,"Always",0,0,77.5,10,0,1,0,"Yes","Yes","Rarely",2,"Sometimes",5,"Neutral","Strongly Disagree","Strongly Disagree","Strongly Agree","Disagree","Strongly Agree","Strongly Disagree","Agree","Agree","Agree","Agree","Agree","Agree",3,1,1,5,4,5,5,4,4,4,4,4,4,5,2,3,43,0
"Female",21,"Full-time","Not employed",8,6,6,3.6,"Often",0,0,0,6,4,1,0,"No","Yes","Never",0,"Often",1,"Agree","Disagree","Neutral","Disagree","Neutral","Agree","Neutral","Disagree","Disagree","Disagree","Disagree","Disagree","Neutral",4,2,3,2,3,4,3,2,2,2,2,2,3,4,1,4,25,1
"Female",41,"Full-time","Full-time",7,4,12,3,"Always",0,5,12,10,0,2,0,"No","Yes","Never",2,"Often",0,"Neutral","Disagree","Agree","Disagree","Agree","Disagree","Neutral","Disagree","Disagree","Disagree","Disagree","Disagree","Disagree",3,2,4,2,2,2,3,2,2,2,2,2,2,5,1,4,21,0
"Female",19,"Full-time","Full-time",6,4,9,3.5,"Always",5,0,24,7,0,0,4,"Yes","Yes","Rarely",3,"Sometimes",1.5,"Neutral","Disagree","Agree","Neutral","Disagree","Strongly Agree","Disagree","Agree","Neutral","Agree","Agree","Agree","Neutral",3,2,4,3,4,5,4,4,3,4,4,4,3,5,2,3,38,0
"Female",18,"Full-time","Not employed",9,4,11.5,3.5,"Always",0,2,3,28,0.5,2,0,"Yes","Yes","Always",2,"Always",1,"Agree","Strongly Disagree","Disagree","Neutral","Neutral","Disagree","Disagree","Disagree","Neutral","Agree","Agree","Agree","Agree",4,1,2,3,3,2,4,2,3,4,4,4,4,5,5,5,33,1
"Female",18,"Full-time","Part-time",10,4,2,4,"Always",0,2,3,3,0,1,0,"Yes","Yes","Often",1,"Often",2,"Agree","Neutral","Agree","Disagree","Agree","Agree","Agree","Disagree","Disagree","Disagree","Disagree","Disagree","Disagree",4,3,4,2,2,4,2,2,2,2,2,2,2,5,4,4,22,0
"Female",18,"Full-time","Part-time",6,5,11,3.5,"Always",0,0,5,4,0,2,3,"Yes","Yes","Always",1,"Always",5,"Agree","Neutral","Disagree","Agree","Agree","Agree","Agree","Disagree","Disagree","Disagree","Disagree","Disagree","Disagree",4,3,2,4,2,4,2,2,2,2,2,2,2,5,5,5,24,0
"Female",22,"Full-time","Not employed",9,6,12,4,"Always",0,0,5,10,1,1,1,"No","Yes","Often",0,"Often",7,"Strongly Agree","Strongly Disagree","Disagree","Disagree","Agree","Neutral","Disagree","Disagree","Disagree","Disagree","Disagree","Agree","Agree",5,1,2,2,2,3,4,2,2,2,2,4,4,5,4,4,27,1
"Female",20,"Full-time","Not employed",8,6,13.5,3.5,"Always",0,0,0,17,0,1,0,"No","Yes","Sometimes",0,"Often",0,"Agree","Disagree","Strongly Disagree","Agree","Neutral","Strongly Agree","Agree","Agree","Disagree","Agree","Agree","Agree","Agree",4,2,1,4,3,5,2,4,2,4,4,4,4,5,3,4,36,0
"Female",19,"Full-time","Not employed",6.5,4,5,3,"Always",3,2,6,6,0.5,0,1,"Yes","Yes","Often",0,"Often",7,"Agree","Neutral","Disagree","Agree","Neutral","Agree","Disagree","Disagree","Disagree","Agree","Agree","Agree","Agree",4,3,2,4,3,4,4,2,2,4,4,4,4,5,4,4,35,1
"Female",18,"Full-time","Part-time",6,4,14,2.5,"Always",0,0,8,21,0,0,0,"Yes","Yes","Always",0,"Sometimes",2,"Agree","Neutral","Strongly Disagree","Agree","Neutral","Agree","Neutral","Agree","Agree","Disagree","Disagree","Neutral","Neutral",4,3,1,4,3,4,3,4,4,2,2,3,3,5,5,3,32,0
"Female",22,"Full-time","Part-time",8,5,15,3,"Always",0,0,0,2,0,0,0,"No","Yes","Never",0,"Rarely",11,"Agree","Neutral","Disagree","Strongly Agree","Disagree","Agree","Strongly Disagree","Agree","Agree","Agree","Agree","Agree","Strongly Disagree",4,3,2,5,4,4,5,4,4,4,4,4,1,5,1,2,39,0
"Female",18,"Full-time","Part-time",5,5,1,3,"Often",0,0,2,8,3,1,0,"Yes","Yes","Often",1,"Sometimes",2,"Agree","Disagree","Disagree","Agree","Neutral","Agree","Disagree","Agree","Agree","Agree","Agree","Agree","Neutral",4,2,2,4,3,4,4,4,4,4,4,4,3,4,4,3,38,1
"Female",18,"Full-time","Part-time",7,4,15,3.5,"Always",0,0,10,10,2,1,0,"Yes","Yes","Always",0,"Never",2,"Strongly Disagree","Neutral","Neutral","Agree","Agree","Agree","Agree","Disagree","Disagree","Agree","Neutral","Disagree","Strongly Disagree",1,3,3,4,2,4,2,2,2,4,3,2,1,5,5,1,26,1
"Female",23,"Full-time","Not employed",8.9,4,9,3,"Always",0,8,0,3,0,2,0,"Yes","Yes","Never",0,"Sometimes",3,"Strongly Agree","Neutral","Agree","Agree","Disagree","Agree","Neutral","Agree","Agree","Neutral","Disagree","Agree","Neutral",5,3,4,4,4,4,3,4,4,3,2,4,3,5,1,3,35,0
"Female",20,"Full-time","Part-time",5,4,10,2.5,"Always",0,1,6,5,2,1,0,"Yes","Yes","Often",1,"Often",8,"Neutral","Strongly Agree","Strongly Agree","Strongly Agree","Neutral","Strongly Agree","Strongly Agree","Neutral","Disagree","Strongly Disagree","Strongly Disagree","Strongly Disagree","Disagree",3,5,5,5,3,5,1,3,2,1,1,1,2,5,4,4,24,1
"Female",20,"Full-time","Part-time",9,7,4,3,"Always",0,0,4,14,2,2,0,"Yes","Yes","Sometimes",0,"Sometimes",20,"Neutral","Disagree","Neutral","Strongly Agree","Disagree","Agree","Disagree","Agree","Agree","Neutral","Neutral","Disagree","Agree",3,2,3,5,4,4,4,4,4,3,3,2,4,5,3,3,37,1
"Female",20,"Full-time","Part-time",8,5,10,4,"Always",0,7,2,10,1,0,0,"Yes","Yes","Often",2,"Often",7.5,"Agree","Agree","Agree","Agree","Agree","Agree","Agree","Neutral","Disagree","Neutral","Disagree","Disagree","Disagree",4,4,4,4,2,4,2,3,2,3,2,2,2,5,4,4,26,1
"Female",18,"Full-time","Part-time",7,5,20,3.5,"Always",0,0,3,5,0,0,0,"Yes","Yes","Always",0,"Sometimes",5.5,"Agree","Neutral","Agree","Disagree","Agree","Neutral","Agree","Neutral","Disagree","Agree","Neutral","Neutral","Disagree",4,3,4,2,2,3,2,3,2,4,3,3,2,5,5,3,26,0
"Female",18,"Full-time","Not employed",9,4,17.5,3.25,"Always",0,1,5,11,0,0,0,"No","Yes","Often",0,"Often",5,"Neutral","Disagree","Strongly Disagree","Neutral","Neutral","Neutral","Agree","Disagree","Disagree","Disagree","Disagree","Disagree","Disagree",3,2,1,3,3,3,2,2,2,2,2,2,2,5,4,4,23,0
"Female",21,"Full-time","Not employed",11,4,12,3.5,"Always",0,0,6,30,4,1,0,"Yes","Yes","Never",6,"Always",0.75,"Neutral","Disagree","Agree","Strongly Disagree","Strongly Agree","Strongly Disagree","Agree","Strongly Disagree","Strongly Disagree","Disagree","Strongly Disagree","Disagree","Disagree",3,2,4,1,1,1,2,1,1,2,1,2,2,5,1,5,14,1
"Female",20,"Full-time","Not employed",5,6,15,3,"Always",0,0,0,5,0,1,0,"Yes","Yes","Always",0,"Rarely",4.5,"Agree","Neutral","Agree","Neutral","Neutral","Agree","Neutral","Disagree","Neutral","Neutral","Disagree","Neutral","Neutral",4,3,4,3,3,4,3,2,3,3,2,3,3,5,5,2,29,0
"Female",18,"Full-time","Part-time",6.75,5,14,3.5,"Always",0,0,9,4,0,1,0,"Yes","Yes","Never",0,"Sometimes",1,"Neutral","Neutral","Agree","Strongly Agree","Disagree","Strongly Agree","Neutral","Agree","Neutral","Neutral","Agree","Agree","Disagree",3,3,4,5,4,5,3,4,3,3,4,4,2,5,1,3,37,0
"Female",19,"Full-time","Full-time",7,4,10,4,"Always",0,0,2,2,0,0,3,"Yes","Yes","Sometimes",1,"Sometimes",2,"Agree","Strongly Disagree","Agree","Strongly Agree","Strongly Disagree","Strongly Agree","Neutral","Strongly Agree","Agree","Agree","Neutral","Agree","Disagree",4,1,4,5,5,5,3,5,4,4,3,4,2,5,3,3,40,0
"Female",19,"Full-time","Not employed",7,4,25,3.5,"Always",0,3,0,1,12,1,2,"No","Yes","Often",0,"Often",3,"Agree","Neutral","Agree","Strongly Agree","Agree","Disagree","Agree","Disagree","Disagree","Agree","Agree","Agree","Disagree",4,3,4,5,2,2,2,2,2,4,4,4,2,5,4,4,29,1
"Female",19,"Full-time","Full-time",7,4,20,4,"Always",0,0,7,12,0,1,0,"No","Yes","Never",1,"Often",5,"Agree","Disagree","Agree","Disagree","Neutral","Agree","Disagree","Disagree","Disagree","Agree","Agree","Neutral","Disagree",4,2,4,2,3,4,4,2,2,4,4,3,2,5,1,4,30,0
"Female",19,"Full-time","Part-time",6,4,10,2.5,"Often",0,0,6,10,0,0,0,"No","Yes","Rarely",0,"Never",5,"Agree","Disagree","Neutral","Neutral","Neutral","Strongly Agree","Disagree","Neutral","Neutral","Disagree","Disagree","Disagree","Disagree",4,2,3,3,3,5,4,3,3,2,2,2,2,4,2,1,29,0
"Female",18,"Full-time","Not employed",6.5,5,8,2,"Always",0,0,0,2,0,0,0,"No","Yes","Often",1,"Sometimes",12,"Neutral","Neutral","Agree","Strongly Agree","Disagree","Strongly Agree","Neutral","Strongly Agree","Agree","Agree","Neutral","Agree","Neutral",3,3,4,5,4,5,3,5,4,4,3,4,3,5,4,3,40,0
"Female",22,"Full-time","Full-time",7,4,4,3,"Often",0,0,12,14,2,0,1,"No","Yes","Sometimes",1,"Sometimes",4,"Agree","Disagree","Agree","Disagree","Neutral","Agree","Agree","Disagree","Disagree","Neutral","Disagree","Disagree","Neutral",4,2,4,2,3,4,2,2,2,3,2,2,3,4,3,3,25,1
"Female",19,"Full-time","Part-time",5,4,5,2,"Often",0,0,3,4,0,2,0,"Yes","Yes","Often",0,"Rarely",0,"Neutral","Strongly Disagree","Strongly Disagree","Neutral","Agree","Neutral","Agree","Disagree","Disagree","Disagree","Disagree","Disagree","Disagree",3,1,1,3,2,3,2,2,2,2,2,2,2,4,4,2,22,0
"Female",18,"Full-time","Not employed",6.5,5,2,2.5,"Always",0,0,3,1,0,1,0,"Yes","Yes","Never",1,"Rarely",1,"Agree","Neutral","Disagree","Disagree","Agree","Neutral","Strongly Disagree","Strongly Disagree","Strongly Disagree","Neutral","Strongly Disagree","Strongly Agree","Disagree",4,3,2,2,2,3,5,1,1,3,1,5,2,5,1,2,25,0
"Female",18,"Full-time","Part-time",8,4,2,3,"Always",0,5,8,3,1.5,1,0,"Yes","Yes","Never",1,"Always",0.5,"Strongly Agree","Agree","Agree","Strongly Agree","Disagree","Agree","Neutral","Strongly Agree","Agree","Agree","Agree","Strongly Agree","Neutral",5,4,4,5,4,4,3,5,4,4,4,5,3,5,1,5,41,1
"Female",27,"Part-time","Not employed",5,3,10,4,"Always",0,14,2,4,10,0,0,"No","Yes","Never",2,"Rarely",6,"Agree","Strongly Disagree","Agree","Neutral","Disagree","Agree","Disagree","Agree","Agree","Agree","Agree","Agree","Agree",4,1,4,3,4,4,4,4,4,4,4,4,4,5,1,2,39,1
"Female",18,"Full-time","Not employed",8,5,14,3.5,"Always",0,0,10,18,0,1,0,"Yes","Yes","Always",0,"Always",7,"Agree","Agree","Strongly Agree","Neutral","Agree","Agree","Agree","Disagree","Disagree","Disagree","Disagree","Disagree","Disagree",4,4,5,3,2,4,2,2,2,2,2,2,2,5,5,5,23,0
"Female",18,"Full-time","Full-time",6,4,7,4,"Always",7,3,4,2,2,0,1,"No","Yes","Sometimes",1,"Rarely",1.5,"Strongly Disagree","Neutral","Strongly Agree","Strongly Agree","Disagree","Agree","Agree","Agree","Agree","Agree","Neutral","Agree","Disagree",1,3,5,5,4,4,2,4,4,4,3,4,2,5,3,2,36,1
"Female",19,"Full-time","Part-time",7.5,5,5,3.5,"Always",0,0,7,29,0,1,0,"Yes","Yes","Never",0,"Always",4.5,"Agree","Neutral","Neutral","Agree","Neutral","Neutral","Agree","Neutral","Neutral","Neutral","Neutral","Neutral","Neutral",4,3,3,4,3,3,2,3,3,3,3,3,3,5,1,5,30,0
"Female",18,"Full-time","Part-time",6,4,1,3,"Always",0,0,4,2,0,0,2,"Yes","Yes","Rarely",1,"Often",9,"Agree","Neutral","Neutral","Agree","Disagree","Agree","Neutral","Neutral","Neutral","Agree","Agree","Agree","Neutral",4,3,3,4,4,4,3,3,3,4,4,4,3,5,2,4,36,0
"Female",20,"Full-time","Full-time",5,5,9,3.5,"Always",0,0,2,2,0,0,0,"No","Yes","Rarely",1,"Often",1,"Agree","Neutral","Strongly Agree","Neutral","Neutral","Agree","Agree","Disagree","Neutral","Agree","Agree","Neutral","Disagree",4,3,5,3,3,4,2,2,3,4,4,3,2,5,2,4,30,0
"Female",35,"Full-time","Not employed",9,4,8,3,"Often",0,7,0,9,7,5,3,"No","Yes","Never",1,"Often",4,"Strongly Agree","Neutral","Strongly Agree","Agree","Neutral","Disagree","Strongly Agree","Disagree","Agree","Strongly Disagree","Strongly Disagree","Agree","Strongly Disagree",5,3,5,4,3,2,1,2,4,1,1,4,1,4,1,4,23,1
"Female",19,"Full-time","Part-time",5,4,3,2.5,"Often",0,4,20,14,0,1,0,"Yes","Yes","Never",0,"Sometimes",0.5,"Strongly Agree","Disagree","Strongly Disagree","Disagree","Agree","Strongly Agree","Neutral","Strongly Agree","Agree","Disagree","Agree","Strongly Disagree","Neutral",5,2,1,2,2,5,3,5,4,2,4,1,3,4,1,3,31,0
"Female",18,"Full-time","Not employed",6,5,15,2,"Always",0,0,3,4,0,0,0,"No","Yes","Always",0,"Often",4,"Agree","Strongly Disagree","Neutral","Strongly Agree","Neutral","Agree","Agree","Neutral","Agree","Agree","Agree","Agree","Disagree",4,1,3,5,3,4,2,3,4,4,4,4,2,5,5,4,35,0
"Female",19,"Full-time","Not employed",7,4,4,2.5,"Often",15,2,0,4.5,0.5,0,1,"Yes","No","Sometimes",0,"Sometimes",6,"Agree","Neutral","Disagree","Agree","Disagree","Agree","Neutral","Neutral","Disagree","Agree","Agree","Agree","Neutral",4,3,2,4,4,4,3,3,2,4,4,4,3,4,3,3,35,1
"Female",22,"Full-time","Part-time",7,6,8,3,"Often",5,10,0,6,2,0,0,"No","Yes","Always",4,"Sometimes",3,"Agree","Strongly Disagree","Agree","Agree","Disagree","Strongly Agree","Disagree","Agree","Strongly Agree","Strongly Agree","Agree","Agree","Agree",4,1,4,4,4,5,4,4,5,5,4,4,4,4,5,3,43,1
"Female",18,"Full-time","Not employed",6,4,12,3.5,"Often",0,8,4,30,5,0,0,"No","Yes","Never",5,"Often",6,"Agree","Agree","Agree","Disagree","Neutral","Agree","Agree","Disagree","Disagree","Disagree","Neutral","Disagree","Agree",4,4,4,2,3,4,2,2,2,2,3,2,4,4,1,4,26,1
"Female",18,"Full-time","Not employed",6,4,20,3.5,"Always",0,2,10,15,2,2,0,"No","Yes","Rarely",0,"Sometimes",6,"Agree","Neutral","Neutral","Strongly Agree","Neutral","Agree","Neutral","Agree","Strongly Agree","Agree","Neutral","Agree","Disagree",4,3,3,5,3,4,3,4,5,4,3,4,2,5,2,3,37,1
"Female",18,"Full-time","Not employed",5,3,1,3.5,"Always",0,0,20,35,8,2,3,"Yes","Yes","Sometimes",3,"Always",1,"Agree","Agree","Agree","Agree","Disagree","Agree","Strongly Disagree","Agree","Neutral","Strongly Agree","Strongly Agree","Agree","Strongly Agree",4,4,4,4,4,4,5,4,3,5,5,4,5,5,3,5,43,1
"Female",18,"Full-time","Part-time",7,4,7,2.5,"Always",4,0,1,4,0,2,2,"Yes","Yes","Often",2,"Sometimes",1,"Agree","Disagree","Agree","Strongly Agree","Neutral","Agree","Agree","Neutral","Neutral","Agree","Agree","Neutral","Neutral",4,2,4,5,3,4,2,3,3,4,4,3,3,5,4,3,34,0
"Female",29,"Part-time","Full-time",5,3,13.5,3.6,"Always",0,13.5,2,1.5,1,0,0,"Yes","Yes","Never",3,"Rarely",4,"Agree","Strongly Disagree","Agree","Agree","Disagree","Strongly Disagree","Disagree","Neutral","Disagree","Disagree","Disagree","Agree","Disagree",4,1,4,4,4,1,4,3,2,2,2,4,2,5,1,2,28,1
"Female",31,"Full-time","Not employed",9,4,20,3,"Always",10,14,2,16,0,1,0,"Yes","Yes","Never",5,"Sometimes",0,"Agree","Neutral","Agree","Agree","Disagree","Agree","Neutral","Agree","Neutral","Agree","Neutral","Agree","Disagree",4,3,4,4,4,4,3,4,3,4,3,4,2,5,1,3,35,0
"Female",21,"Full-time","Not employed",8,4,2,2,"Often",0,0,0,10,0,0,0,"No","Yes","Sometimes",2,"Sometimes",2,"Agree","Disagree","Neutral","Agree","Neutral","Disagree","Strongly Disagree","Strongly Disagree","Disagree","Agree","Agree","Strongly Agree","Agree",4,2,3,4,3,2,5,1,2,4,4,5,4,4,3,3,34,0
"Female",19,"Full-time","Part-time",6,5,3,3,"Always",0,0,15,28,1,0,3,"Yes","Yes","Often",1,"Sometimes",3,"Agree","Neutral","Strongly Disagree","Neutral","Neutral","Agree","Neutral","Neutral","Neutral","Neutral","Neutral","Neutral","Neutral",4,3,1,3,3,4,3,3,3,3,3,3,3,5,4,3,31,1
"Female",20,"Full-time","Full-time",7,4,4,2,"Always",0,5,7,50,0,0,0,"No","Yes","Never",0,"Often",5.5,"Neutral","Disagree","Agree","Neutral","Agree","Agree","Neutral","Neutral","Neutral","Neutral","Neutral","Agree","Neutral",3,2,4,3,2,4,3,3,3,3,3,4,3,5,1,4,31,0
"Female",20,"Full-time","Part-time",4,4,3,3,"Always",0,0,5,15,0,0,0,"No","Yes","Rarely",1,"Sometimes",0,"Neutral","Disagree","Agree","Agree","Disagree","Strongly Agree","Neutral","Neutral","Agree","Neutral","Neutral","Agree","Neutral",3,2,4,4,4,5,3,3,4,3,3,4,3,5,2,3,36,0
"Female",19,"Full-time","Part-time",7,6,20,3,"Always",0,1,2,5,0,0,1,"Yes","Yes","Often",1,"Often",3.5,"Neutral","Disagree","Neutral","Agree","Agree","Agree","Neutral","Neutral","Neutral","Disagree","Disagree","Disagree","Disagree",3,2,3,4,2,4,3,3,3,2,2,2,2,5,4,4,27,0
"Female",18,"Full-time","Not employed",6,4,3.5,3,"Always",0,0,4,27,0,0,0,"Yes","Yes","Often",0,"Rarely",2,"Neutral","Strongly Disagree","Disagree","Disagree","Agree","Neutral","Agree","Disagree","Disagree","Disagree","Disagree","Disagree","Disagree",3,1,2,2,2,3,2,2,2,2,2,2,2,5,4,2,21,0
"Female",18,"Full-time","Part-time",9,4,21,2.5,"Always",0,2,0,5,1,2,0,"Yes","Yes","Never",2,"Sometimes",0,"Agree","Disagree","Agree","Strongly Agree","Neutral","Strongly Agree","Disagree","Agree","Neutral","Strongly Agree","Strongly Agree","Agree","Neutral",4,2,4,5,3,5,4,4,3,5,5,4,3,5,1,3,41,1
"Female",25,"Full-time","Full-time",4,4,8,3,"Always",0,0,0,2,0,0,0,"No","Yes","Never",3,"Often",1,"Agree","Strongly Disagree","Strongly Agree","Disagree","Agree","Disagree","Disagree","Neutral","Neutral","Agree","Neutral","Neutral","Neutral",4,1,5,2,2,2,4,3,3,4,3,3,3,5,1,4,29,0
"Female",18,"Full-time","Full-time",6,4,8,3.5,"Always",0,0,0,7,0,0,0,"Yes","Yes","Often",1,"Sometimes",5,"Agree","Neutral","Agree","Agree","Neutral","Agree","Disagree","Neutral","Agree","Agree","Agree","Neutral","Agree",4,3,4,4,3,4,4,3,4,4,4,3,4,5,4,3,37,0
"Female",19,"Full-time","Part-time",8,7,10,2.5,"Always",0,7,20,6,4,1,1,"No","Yes","Often",0,"Often",6.5,"Neutral","Disagree","Strongly Agree","Strongly Agree","Neutral","Strongly Agree","Disagree","Agree","Agree","Agree","Neutral","Neutral","Disagree",3,2,5,5,3,5,4,4,4,4,3,3,2,5,4,4,37,1
"Female",19,"Full-time","Not employed",6,4,6,3,"Often",0,0,2,2,0,0,0,"No","Yes","Always",0,"Often",30,"Agree","Disagree","Strongly Disagree","Neutral","Neutral","Neutral","Agree","Disagree","Disagree","Agree","Neutral","Neutral","Disagree",4,2,1,3,3,3,2,2,2,4,3,3,2,4,5,4,27,0
"Female",20,"Full-time","Part-time",9,5,15,3.6,"Always",0,0,14,0,2,0,0,"No","Yes","Never",0,"Sometimes",1,"Strongly Agree","Neutral","Disagree","Neutral","Neutral","Agree","Disagree","Disagree","Disagree","Agree","Agree","Neutral","Disagree",5,3,2,3,3,4,4,2,2,4,4,3,2,5,1,3,31,1
"Female",19,"Full-time","Part-time",7,4,4,3,"Often",0,3,0,10,5,0,0,"Yes","Yes","Always",1,"Sometimes",2,"Neutral","Disagree","Neutral","Neutral","Neutral","Agree","Neutral","Disagree","Agree","Disagree","Disagree","Disagree","Disagree",3,2,3,3,3,4,3,2,4,2,2,2,2,4,5,3,27,1
"Female",18,"Full-time","Part-time",5,5,10,3,"Always",0,0,10,40,0,1,0,"Yes","No","Always",0,"Sometimes",3,"Strongly Agree","Neutral","Neutral","Agree","Neutral","Strongly Agree","Strongly Agree","Strongly Disagree","Neutral","Disagree","Disagree","Agree","Strongly Disagree",5,3,3,4,3,5,1,1,3,2,2,4,1,5,5,3,26,0
"Female",18,"Full-time","Part-time",9.5,4,6,3.5,"Always",1,0,3,8,7,3,0,"Yes","Yes","Rarely",1,"Sometimes",0,"Agree","Disagree","Strongly Disagree","Strongly Agree","Disagree","Agree","Disagree","Neutral","Agree","Agree","Agree","Neutral","Neutral",4,2,1,5,4,4,4,3,4,4,4,3,3,5,2,3,38,1
"Female",18,"Full-time","Not employed",7,4,10,3.3,"Always",0,0,0,6,0,0,0,"Yes","Yes","Always",0,"Rarely",12,"Agree","Disagree","Disagree","Neutral","Agree","Strongly Agree","Neutral","Neutral","Neutral","Neutral","Neutral","Neutral","Neutral",4,2,2,3,2,5,3,3,3,3,3,3,3,5,5,2,31,0
"Female",18,"Full-time","Full-time",7,4,2,2.5,"Often",10,0,8,5,4,0,5,"No","Yes","Sometimes",0,"Rarely",1.33,"Neutral","Strongly Disagree","Disagree","Agree","Neutral","Agree","Neutral","Disagree","Disagree","Neutral","Neutral","Disagree","Disagree",3,1,2,4,3,4,3,2,2,3,3,2,2,4,3,2,28,1
"Female",18,"Full-time","Part-time",8,5,5,3,"Always",0,0,2,5,0,1,0,"Yes","Yes","Always",0,"Sometimes",3,"Agree","Neutral","Disagree","Strongly Disagree","Strongly Agree","Neutral","Neutral","Strongly Disagree","Strongly Disagree","Agree","Neutral","Strongly Disagree","Strongly Disagree",4,3,2,1,1,3,3,1,1,4,3,1,1,5,5,3,19,0
"Female",18,"Full-time","Full-time",7,5,15,2.5,"Always",0,4,3,4,0,0,0,"Yes","Yes","Sometimes",0,"Rarely",2.5,"Agree","Disagree","Neutral","Neutral","Strongly Disagree","Agree","Disagree","Disagree","Strongly Disagree","Neutral","Neutral","Agree","Neutral",4,2,3,3,5,4,4,2,1,3,3,4,3,5,3,2,32,0
"Female",18,"Full-time","Not employed",7,5,4,3,"Always",0,0,14,14,1,2,1,"No","Yes","Never",1,"Often",0,"Disagree","Disagree","Agree","Disagree","Agree","Agree","Agree","Disagree","Disagree","Disagree","Disagree","Disagree","Disagree",2,2,4,2,2,4,2,2,2,2,2,2,2,5,1,4,22,1
"Female",19,"Full-time","Full-time",7,5,3,2.5,"Often",0,1,0,10,5,0,0,"No","Yes","Never",0,"Always",6,"Agree","Neutral","Agree","Agree","Agree","Neutral","Agree","Disagree","Strongly Agree","Neutral","Neutral","Agree","Strongly Disagree",4,3,4,4,2,3,2,2,5,3,3,4,1,4,1,5,29,1
"Female",18,"Full-time","Part-time",6,4,3,3,"Always",0,0,0,1,0,1,0,"Yes","No","Never",0,"Often",6,"Agree","Disagree","Neutral","Neutral","Neutral","Agree","Strongly Agree","Disagree","Disagree","Disagree","Disagree","Disagree","Strongly Disagree",4,2,3,3,3,4,1,2,2,2,2,2,1,5,1,4,22,0
"Female",19,"Full-time","Not employed",7,5,5.5,4,"Always",4,0,5,2.5,0,0,1,"No","Yes","Often",0,"Often",1,"Agree","Disagree","Disagree","Agree","Disagree","Agree","Disagree","Neutral","Agree","Agree","Agree","Agree","Neutral",4,2,2,4,4,4,4,3,4,4,4,4,3,5,4,4,38,0
"Female",18,"Full-time","Part-time",6,4,3,3,"Always",0,0,7,5,10,1,0,"Yes","Yes","Always",0,"Sometimes",5,"Strongly Agree","Neutral","Agree","Neutral","Agree","Agree","Neutral","Neutral","Agree","Neutral","Neutral","Neutral","Neutral",5,3,4,3,2,4,3,3,4,3,3,3,3,5,5,3,31,1
"Female",18,"Full-time","Part-time",4,5,6,3,"Always",0,0,6,8,0,1,0,"Yes","No","Never",0,"Often",4,"Agree","Neutral","Agree","Agree","Disagree","Agree","Disagree","Agree","Agree","Neutral","Disagree","Agree","Agree",4,3,4,4,4,4,4,4,4,3,2,4,4,5,1,4,37,0
"Female",18,"Full-time","Part-time",7,12,4,3.5,"Often",2,5,7,2,0.5,1,0,"Yes","Yes","Never",0,"Often",1.5,"Agree","Neutral","Neutral","Strongly Agree","Disagree","Strongly Agree","Strongly Disagree","Neutral","Agree","Agree","Agree","Disagree","Agree",4,3,3,5,4,5,5,3,4,4,4,2,4,4,1,4,40,1
"Female",19,"Full-time","Part-time",7.5,4,7,2.5,"Always",1,0,15,4,0,2,1,"Yes","Yes","Never",1,"Often",3,"Disagree","Disagree","Agree","Strongly Agree","Disagree","Strongly Agree","Agree","Disagree","Neutral","Agree","Disagree","Agree","Disagree",2,2,4,5,4,5,2,2,3,4,2,4,2,5,1,4,33,0
"Female",18,"Full-time","Not employed",5,4,4,4,"Always",0,0,14,15,0,2,2,"Yes","Yes","Always",1,"Often",1,"Agree","Agree","Agree","Strongly Agree","Disagree","Strongly Agree","Disagree","Agree","Neutral","Agree","Strongly Agree","Agree","Disagree",4,4,4,5,4,5,4,4,3,4,5,4,2,5,5,4,40,0
"Female",18,"Full-time","Part-time",11,5,6,3.5,"Often",0,0,3,10,0,1,0,"No","Yes","Rarely",0,"Rarely",7,"Agree","Neutral","Agree","Disagree","Agree","Strongly Agree","Agree","Disagree","Neutral","Disagree","Disagree","Disagree","Strongly Disagree",4,3,4,2,2,5,2,2,3,2,2,2,1,4,2,2,23,0
"Female",18,"Full-time","Full-time",4.5,4,10,2.5,"Often",7,4,15,4,1,0,0,"No","Yes","Always",1,"Often",3,"Agree","Neutral","Strongly Agree","Strongly Agree","Strongly Disagree","Strongly Agree","Strongly Disagree","Disagree","Neutral","Strongly Agree","Strongly Agree","Disagree","Strongly Agree",4,3,5,5,5,5,5,2,3,5,5,2,5,4,5,4,42,1
"Female",19,"Full-time","Part-time",7,4,3,3.5,"Often",0,0,0,1,0,0,0,"No","Yes","Often",0,"Rarely",0.5,"Disagree","Strongly Disagree","Neutral","Agree","Disagree","Agree","Disagree","Neutral","Neutral","Neutral","Neutral","Neutral","Disagree",2,1,3,4,4,4,4,3,3,3,3,3,2,4,4,2,33,0
"Female",18,"Full-time","Not employed",10,4,1,3,"Often",0,0,1,10,3,2,0,"Yes","Yes","Never",1,"Often",7,"Agree","Neutral","Disagree","Neutral","Neutral","Disagree","Neutral","Agree","Neutral","Agree","Agree","Strongly Agree","Neutral",4,3,2,3,3,2,3,4,3,4,4,5,3,4,1,4,34,1
"Female",37,"Full-time","Not employed",7,6,8,4,"Always",0,0,0,6,1,0,4,"No","Yes","Often",3,"Sometimes",6,"Strongly Agree","Neutral","Strongly Agree","Neutral","Agree","Agree","Agree","Disagree","Disagree","Disagree","Disagree","Neutral","Disagree",5,3,5,3,2,4,2,2,2,2,2,3,2,5,4,3,24,1
"Female",18,"Full-time","Part-time",7,5,8,2.5,"Always",0,0,9,5,0,2,0,"Yes","Yes","Often",0,"Often",5,"Neutral","Disagree","Neutral","Agree","Disagree","Agree","Neutral","Disagree","Agree","Agree","Neutral","Neutral","Disagree",3,2,3,4,4,4,3,2,4,4,3,3,2,5,4,4,33,0
"Female",19,"Full-time","Not employed",6,4,4,3,"Often",0,0,15,4,0,1,1,"Yes","Yes","Always",1,"Rarely",2,"Agree","Disagree","Disagree","Strongly Disagree","Strongly Agree","Disagree","Agree","Disagree","Disagree","Disagree","Strongly Disagree","Disagree","Disagree",4,2,2,1,1,2,2,2,2,2,1,2,2,4,5,2,17,0
"Female",18,"Full-time","Part-time",8,4,2.5,2,"Always",6,1,0,1,0,2,1,"Yes","Yes","Always",1,"Rarely",24,"Agree","Disagree","Disagree","Strongly Agree","Agree","Strongly Agree","Disagree","Disagree","Disagree","Agree","Disagree","Disagree","Disagree",4,2,2,5,2,5,4,2,2,4,2,2,2,5,5,2,30,0
"Female",18,"Full-time","Not employed",7,4,7,3,"Often",0,0,0,0.5,0.5,0,0,"No","Yes","Never",0,"Rarely",2,"Agree","Neutral","Agree","Disagree","Agree","Agree","Agree","Disagree","Disagree","Neutral","Disagree","Agree","Disagree",4,3,4,2,2,4,2,2,2,3,2,4,2,4,1,2,25,1
"Female",18,"Full-time","Not employed",9,5,3.5,3,"Always",0,0,1,4.5,0,1,1,"Yes","Yes","Sometimes",2,"Always",0,"Neutral","Neutral","Disagree","Disagree","Agree","Neutral","Disagree","Strongly Agree","Agree","Agree","Agree","Agree","Disagree",3,3,2,2,2,3,4,5,4,4,4,4,2,5,3,5,34,0
"Female",19,"Full-time","Part-time",10,5,3,3.5,"Often",0,5,2,2,3,0,0,"No","Yes","Often",0,"Sometimes",3.5,"Strongly Disagree","Disagree","Agree","Agree","Disagree","Agree","Disagree","Agree","Agree","Agree","Agree","Agree","Agree",1,2,4,4,4,4,4,4,4,4,4,4,4,4,4,3,40,1
"Female",19,"Full-time","Part-time",6.5,4,15,3.1,"Often",0,0,0,12,2,0,1,"No","Yes","Rarely",0,"Always",3,"Strongly Agree","Neutral","Strongly Agree","Strongly Disagree","Disagree","Agree","Agree","Agree","Agree","Disagree","Strongly Disagree","Disagree","Strongly Disagree",5,3,5,1,4,4,2,4,4,2,1,2,1,4,2,5,25,1
"Female",18,"Full-time","Not employed",4.5,4,30,3.5,"Often",0,0,21,5,8.5,2,8,"No","Yes","Rarely",4,"Often",5.5,"Agree","Neutral","Agree","Strongly Agree","Disagree","Strongly Agree","Agree","Disagree","Disagree","Disagree","Disagree","Agree","Disagree",4,3,4,5,4,5,2,2,2,2,2,4,2,4,2,4,30,1
"Female",18,"Full-time","Part-time",8,4,3,4,"Always",0,0,0,0,0,0,2,"Yes","Yes","Always",1,"Sometimes",9,"Neutral","Neutral","Strongly Agree","Agree","Disagree","Strongly Agree","Disagree","Disagree","Neutral","Neutral","Neutral","Neutral","Agree",3,3,5,4,4,5,4,2,3,3,3,3,4,5,5,3,35,0
"Female",19,"Full-time","Full-time",4,4,5,3.1,"Often",0,2,0,10,3,1,0,"Yes","Yes","Always",0,"Often",0,"Agree","Strongly Disagree","Agree","Strongly Agree","Disagree","Strongly Agree","Strongly Disagree","Agree","Strongly Agree","Strongly Agree","Strongly Agree","Strongly Agree","Agree",4,1,4,5,4,5,5,4,5,5,5,5,4,4,5,4,47,1
"Female",18,"Full-time","Not employed",5,4,7,3,"Always",2,0,4,3,15,0,0,"No","Yes","Often",1,"Often",2,"Agree","Neutral","Agree","Neutral","Agree","Disagree","Neutral","Neutral","Disagree","Disagree","Disagree","Disagree","Disagree",4,3,4,3,2,2,3,3,2,2,2,2,2,5,4,4,23,1
"Female",18,"Full-time","Not employed",7,5,6,4,"Always",0,0,14,21,0,0,0,"No","Yes","Always",1,"Sometimes",2.5,"Agree","Neutral","Disagree","Disagree","Agree","Agree","Agree","Disagree","Disagree","Disagree","Disagree","Disagree","Disagree",4,3,2,2,2,4,2,2,2,2,2,2,2,5,5,3,22,0
"Female",19,"Full-time","Not employed",3.5,5,7,2.5,"Often",0,0,10,5,15,1,1,"No","Yes","Sometimes",0,"Always",3,"Neutral","Disagree","Strongly Agree","Strongly Agree","Neutral","Strongly Agree","Neutral","Strongly Agree","Disagree","Disagree","Disagree","Agree","Disagree",3,2,5,5,3,5,3,5,2,2,2,4,2,4,3,5,33,1
"Female",18,"Full-time","Part-time",8,5,10,3,"Often",0,0,0,2,0,0,0,"No","Yes","Always",0,"Rarely",10,"Neutral","Neutral","Disagree","Neutral","Neutral","Disagree","Disagree","Disagree","Disagree","Strongly Disagree","Strongly Disagree","Neutral","Strongly Disagree",3,3,2,3,3,2,4,2,2,1,1,3,1,4,5,2,22,0
"Female",19,"Full-time","Part-time",7,4,8,2.5,"Always",0,0,4,7,0,0,0,"Yes","Yes","Never",0,"Often",0,"Agree","Disagree","Strongly Agree","Strongly Agree","Disagree","Strongly Agree","Neutral","Strongly Agree","Agree","Agree","Strongly Agree","Strongly Agree","Agree",4,2,5,5,4,5,3,5,4,4,5,5,4,5,1,4,44,0
"Female",18,"Full-time","Part-time",6,4,3,2,"Often",0,0,6,10,1,0,2,"No","Yes","Never",1,"Sometimes",1,"Agree","Neutral","Neutral","Disagree","Agree","Neutral","Disagree","Disagree","Neutral","Agree","Agree","Disagree","Agree",4,3,3,2,2,3,4,2,3,4,4,2,4,4,1,3,30,1
"Female",18,"Full-time","Part-time",5,5,9,2,"Always",0,0,8,4,0,1,0,"Yes","No","Never",0,"Often",6,"Agree","Neutral","Agree","Agree","Neutral","Agree","Agree","Agree","Agree","Neutral","Neutral","Agree","Disagree",4,3,4,4,3,4,2,4,4,3,3,4,2,5,1,4,33,0
"Female",20,"Full-time","Part-time",7,4,6,2.5,"Often",0,5,3,3,5,2,0,"Yes","Yes","Sometimes",1,"Rarely",6.75,"Neutral","Disagree","Neutral","Neutral","Agree","Agree","Disagree","Disagree","Disagree","Disagree","Disagree","Disagree","Agree",3,2,3,3,2,4,4,2,2,2,2,2,4,4,3,2,27,1
"Female",18,"Full-time","Not employed",11,4,7.5,4,"Always",0,0,4,13.5,2,1,0,"Yes","Yes","Sometimes",0,"Sometimes",5.5,"Agree","Neutral","Neutral","Agree","Disagree","Agree","Disagree","Agree","Agree","Neutral","Neutral","Agree","Neutral",4,3,3,4,4,4,4,4,4,3,3,4,3,5,3,3,37,1
"Female",19,"Full-time","Not employed",7,5,9,2.5,"Always",0,0,0,3,0,2,0,"No","No","Never",1,"Often",17.5,"Neutral","Strongly Disagree","Strongly Disagree","Neutral","Neutral","Agree","Disagree","Neutral","Disagree","Agree","Neutral","Agree","Agree",3,1,1,3,3,4,4,3,2,4,3,4,4,5,1,4,34,0
"Female",18,"Full-time","Part-time",8,5,10,3,"Often",0,0,0,2,0,0,0,"No","Yes","Always",0,"Rarely",10,"Neutral","Neutral","Disagree","Disagree","Neutral","Disagree","Strongly Disagree","Disagree","Strongly Disagree","Strongly Disagree","Strongly Disagree","Disagree","Strongly Disagree",3,3,2,2,3,2,5,2,1,1,1,2,1,4,5,2,20,0
"Female",18,"Full-time","Not employed",7.5,4,12.5,3,"Always",0,2,1,6.5,1,0,0,"Yes","Yes","Always",0,"Sometimes",9,"Neutral","Disagree","Disagree","Neutral","Agree","Agree","Neutral","Agree","Disagree","Neutral","Neutral","Disagree","Neutral",3,2,2,3,2,4,3,4,2,3,3,2,3,5,5,3,29,1
"Female",21,"Full-time","Part-time",5,5,0,2,"Sometimes",0,3,4,4,2,5,2,"Yes","Yes","Sometimes",1,"Sometimes",2,"Agree","Disagree","Neutral","Agree","Disagree","Strongly Agree","Strongly Disagree","Neutral","Agree","Strongly Agree","Strongly Agree","Strongly Agree","Agree",4,2,3,4,4,5,5,3,4,5,5,5,4,3,3,3,44,1
"Female",18,"Full-time","Full-time",9,4,3,3,"Often",0,0,2,4,0,1,1,"Yes","Yes","Always",1,"Often",1.5,"Strongly Agree","Disagree","Disagree","Neutral","Agree","Agree","Agree","Disagree","Disagree","Strongly Disagree","Strongly Disagree","Disagree","Disagree",5,2,2,3,2,4,2,2,2,1,1,2,2,4,5,4,21,0
"Female",18,"Full-time","Full-time",8,4,5,3.5,"Always",0,1,0,14,5,1,1,"No","Yes","Never",0,"Sometimes",2,"Agree","Disagree","Agree","Disagree","Agree","Neutral","Neutral","Neutral","Neutral","Disagree","Disagree","Disagree","Disagree",4,2,4,2,2,3,3,3,3,2,2,2,2,5,1,3,24,1
"Female",19,"Full-time","Part-time",6.5,5,3.5,2,"Often",0,0,3.5,14,0,0,0,"Yes","Yes","Always",1,"Sometimes",15,"Agree","Neutral","Strongly Agree","Agree","Neutral","Strongly Agree","Neutral","Neutral","Neutral","Agree","Neutral","Agree","Disagree",4,3,5,4,3,5,3,3,3,4,3,4,2,4,5,3,34,0
"Female",19,"Full-time","Part-time",8,5,5,3.5,"Always",0,2,6,1,10,0,0,"No","Yes","Never",1,"Rarely",1,"Agree","Disagree","Strongly Disagree","Agree","Disagree","Strongly Agree","Disagree","Agree","Neutral","Neutral","Neutral","Agree","Agree",4,2,1,4,4,5,4,4,3,3,3,4,4,5,1,2,38,1
"Female",21,"Full-time","Part-time",7,4,4,2,"Often",0,0,4,3,0,1,0,"Yes","Yes","Sometimes",2,"Often",2,"Neutral","Neutral","Neutral","Agree","Disagree","Agree","Neutral","Neutral","Neutral","Neutral","Neutral","Neutral","Neutral",3,3,3,4,4,4,3,3,3,3,3,3,3,4,3,4,33,0
"Female",28,"Part-time","Full-time",3,2,5,2,"Always",10,25,15,3,0,0,0,"No","Yes","Never",1,"Sometimes",0,"Neutral","Neutral","Agree","Agree","Strongly Disagree","Agree","Neutral","Neutral","Neutral","Neutral","Neutral","Neutral","Neutral",3,3,4,4,5,4,3,3,3,3,3,3,3,5,1,3,34,0
"Female",18,"Full-time","Part-time",5,5,15,3,"Always",0,6.5,1,28,1.5,3,0,"No","Yes","Never",0,"Often",2,"Agree","Disagree","Agree","Neutral","Neutral","Agree","Agree","Agree","Agree","Agree","Neutral","Agree","Disagree",4,2,4,3,3,4,2,4,4,4,3,4,2,5,1,4,33,1
"Female",21,"Full-time","Not employed",6,6,21,3,"Always",0,4,0,8,0,0,0,"No","Yes","Always",0,"Never",3,"Agree","Disagree","Disagree","Neutral","Neutral","Agree","Disagree","Neutral","Disagree","Disagree","Neutral","Disagree","Disagree",4,2,2,3,3,4,4,3,2,2,3,2,2,5,5,1,28,0
"Female",18,"Full-time","Part-time",9,4,3,3.5,"Often",0,3,10,0,0,0,0,"Yes","Yes","Sometimes",3,"Often",0,"Strongly Agree","Neutral","Neutral","Disagree","Agree","Agree","Disagree","Disagree","Neutral","Disagree","Disagree","Disagree","Neutral",5,3,3,2,2,4,4,2,3,2,2,2,3,4,3,4,26,0
"Female",18,"Full-time","Not employed",10,4,15,2.5,"Often",0,0,6,10,12,1,0,"No","Yes","Never",3,"Always",3,"Neutral","Disagree","Strongly Disagree","Disagree","Agree","Strongly Agree","Strongly Disagree","Disagree","Disagree","Agree","Disagree","Disagree","Strongly Disagree",3,2,1,2,2,5,5,2,2,4,2,2,1,4,1,5,27,1
"Female",21,"Full-time","Part-time",8,4,5,3,"Often",0,2,5,2,0,1,0,"No","Yes","Always",0,"Sometimes",3,"Agree","Disagree","Disagree","Disagree","Neutral","Agree","Agree","Disagree","Disagree","Disagree","Disagree","Strongly Disagree","Strongly Disagree",4,2,2,2,3,4,2,2,2,2,2,1,1,4,5,3,21,0
"Female",18,"Full-time","Part-time",6,5,1,2,"Sometimes",0,0,1,1,0,0,0,"No","Yes","Rarely",1,"Sometimes",0.65,"Neutral","Disagree","Neutral","Strongly Agree","Neutral","Strongly Agree","Strongly Disagree","Agree","Agree","Agree","Neutral","Agree","Agree",3,2,3,5,3,5,5,4,4,4,3,4,4,3,2,3,41,0
"Female",20,"Full-time","Not employed",6.5,5,22.5,3,"Always",20,0,22.5,4,0,1,1,"Yes","Yes","Never",1,"Sometimes",0.1,"Strongly Agree","Disagree","Strongly Disagree","Agree","Agree","Agree","Agree","Disagree","Neutral","Disagree","Disagree","Agree","Disagree",5,2,1,4,2,4,2,2,3,2,2,4,2,5,1,3,27,0
"Female",18,"Full-time","Full-time",8,4,5,3,"Always",0,0,4,2,0,0,0,"No","No","Always",0,"Sometimes",32,"Agree","Neutral","Disagree","Neutral","Agree","Agree","Neutral","Disagree","Disagree","Disagree","Disagree","Disagree","Disagree",4,3,2,3,2,4,3,2,2,2,2,2,2,5,5,3,24,0
"Female",19,"Full-time","Part-time",7,5,65,4,"Always",4,0,6,3,0,0,1,"No","Yes","Often",1,"Often",2,"Agree","Disagree","Strongly Disagree","Neutral","Disagree","Agree","Disagree","Agree","Neutral","Agree","Agree","Neutral","Agree",4,2,1,3,4,4,4,4,3,4,4,3,4,5,4,4,37,0
"Female",18,"Full-time","Part-time",8,5,8,3,"Often",0,2,1,5,0.5,1,2,"Yes","Yes","Sometimes",0,"Rarely",1.5,"Agree","Neutral","Agree","Agree","Disagree","Agree","Neutral","Agree","Agree","Strongly Agree","Agree","Agree","Disagree",4,3,4,4,4,4,3,4,4,5,4,4,2,4,3,2,38,1
"Female",20,"Full-time","Part-time",4,5,5.5,2.5,"Always",0,0,0,6.5,0,2,0,"Yes","Yes","Always",1,"Sometimes",3.5,"Neutral","Neutral","Agree","Agree","Neutral","Strongly Agree","Neutral","Neutral","Neutral","Disagree","Agree","Agree","Disagree",3,3,4,4,3,5,3,3,3,2,4,4,2,5,5,3,33,0
"Female",20,"Full-time","Not employed",8,6,5,3.5,"Always",0,0,1,20,0,0,0,"No","Yes","Never",0,"Sometimes",2,"Neutral","Neutral","Agree","Disagree","Agree","Agree","Agree","Disagree","Disagree","Disagree","Disagree","Disagree","Disagree",3,3,4,2,2,4,2,2,2,2,2,2,2,5,1,3,22,0
"Female",18,"Full-time","Part-time",6,4,3.5,2.8,"Often",12.5,4,2,2,5,0,1,"Yes","Yes","Always",2,"Sometimes",20,"Agree","Neutral","Strongly Agree","Agree","Neutral","Agree","Disagree","Neutral","Neutral","Strongly Agree","Neutral","Disagree","Neutral",4,3,5,4,3,4,4,3,3,5,3,2,3,4,5,3,34,1
"Female",21,"Full-time","Not employed",6,4,4,3,"Often",3,1,1,7,3,1,0,"No","Yes","Never",0,"Sometimes",6,"Disagree","Strongly Disagree","Disagree","Strongly Disagree","Strongly Agree","Agree","Strongly Agree","Disagree","Strongly Disagree","Disagree","Disagree","Agree","Strongly Disagree",2,1,2,1,1,4,1,2,1,2,2,4,1,4,1,3,19,1
"Female",18,"Full-time","Part-time",6.5,4,3,3,"Always",0,0,4,28,2,0,5,"Yes","Yes","Rarely",1,"Sometimes",3,"Agree","Neutral","Strongly Agree","Agree","Disagree","Agree","Disagree","Neutral","Neutral","Agree","Neutral","Neutral","Disagree",4,3,5,4,4,4,4,3,3,4,3,3,2,5,2,3,34,1
"Female",18,"Full-time","Part-time",6,4,1,4,"Always",0,0,2,1,0,0,0,"Yes","Yes","Always",0,"Often",2,"Strongly Agree","Agree","Strongly Agree","Disagree","Agree","Agree","Agree","Disagree","Disagree","Agree","Neutral","Disagree","Disagree",5,4,5,2,2,4,2,2,2,4,3,2,2,5,5,4,25,0
"Female",21,"Part-time","Full-time",6,3,3,3,"Always",0,4,1,3,1.5,1,0,"Yes","Yes","Sometimes",2,"Often",2,"Agree","Disagree","Agree","Agree","Neutral","Strongly Agree","Neutral","Disagree","Disagree","Agree","Agree","Agree","Disagree",4,2,4,4,3,5,3,2,2,4,4,4,2,5,3,4,33,1
"Female",20,"Full-time","Not employed",8,4,3,2,"Always",0,0,3,3,0,1,0,"Yes","Yes","Often",0,"Rarely",1,"Agree","Disagree","Disagree","Strongly Agree","Neutral","Strongly Agree","Neutral","Neutral","Neutral","Disagree","Neutral","Neutral","Neutral",4,2,2,5,3,5,3,3,3,2,3,3,3,5,4,2,33,0
"Female",24,"Full-time","Not employed",7,4,6,3.5,"Often",0,1,0,10,1,0,0,"No","Yes","Never",1,"Often",1,"Neutral","Disagree","Neutral","Neutral","Neutral","Agree","Neutral","Disagree","Disagree","Disagree","Disagree","Disagree","Disagree",3,2,3,3,3,4,3,2,2,2,2,2,2,4,1,4,25,1
"Female",18,"Full-time","Part-time",6,5,5.5,4,"Always",0,3,0,0.5,0,1,0,"No","Yes","Always",0,"Often",2.5,"Strongly Agree","Neutral","Agree","Disagree","Agree","Agree","Agree","Disagree","Disagree","Neutral","Neutral","Disagree","Disagree",5,3,4,2,2,4,2,2,2,3,3,2,2,5,5,4,24,0
"Female",22,"Full-time","Full-time",9,4,10,3,"Always",0,5,5,4,10,2,0,"No","Yes","Rarely",1,"Sometimes",4,"Agree","Disagree","Agree","Agree","Neutral","Agree","Agree","Disagree","Disagree","Disagree","Disagree","Agree","Disagree",4,2,4,4,3,4,2,2,2,2,2,4,2,5,2,3,27,1
"Female",26,"Part-time","Full-time",8,1,3,3,"Always",3,0,0,10,15,1,0,"No","Yes","Never",2,"Sometimes",20,"Agree","Disagree","Strongly Agree","Disagree","Strongly Agree","Disagree","Agree","Disagree","Disagree","Neutral","Strongly Disagree","Disagree","Disagree",4,2,5,2,1,2,2,2,2,3,1,2,2,5,1,3,19,1
"Female",18,"Full-time","Part-time",9,5,12,2.5,"Often",0,3,1,5,1,0,0,"No","Yes","Always",0,"Often",12,"Agree","Disagree","Agree","Agree","Agree","Agree","Neutral","Disagree","Disagree","Strongly Agree","Strongly Agree","Strongly Agree","Neutral",4,2,4,4,2,4,3,2,2,5,5,5,3,4,5,4,35,1
"Male",18,"Full-time","Part-time",7.5,4,3,3,"Often",0,1,4,8,5.5,0,0,"Yes","Yes","Always",0,"Often",3.5,"Agree","Neutral","Neutral","Strongly Disagree","Strongly Agree","Strongly Disagree","Agree","Agree","Agree","Disagree","Strongly Disagree","Disagree","Disagree",4,3,3,1,1,1,2,4,4,2,1,2,2,4,5,4,20,1
"Male",19,"Full-time","Full-time",8,4,12,4,"Always",3,0,8,14,0,0,0,"Yes","Yes","Sometimes",2,"Always",0,"Agree","Neutral","Agree","Agree","Disagree","Strongly Agree","Neutral","Agree","Agree","Agree","Disagree","Agree","Neutral",4,3,4,4,4,5,3,4,4,4,2,4,3,5,3,5,37,0
"Male",21,"Full-time","Not employed",8,5,3,2.5,"Often",0,0,10,1,5,0,0,"No","Yes","Often",3,"Sometimes",4,"Agree","Neutral","Agree","Neutral","Agree","Neutral","Agree","Disagree","Disagree","Disagree","Disagree","Disagree","Disagree",4,3,4,3,2,3,2,2,2,2,2,2,2,4,4,3,22,1
"Male",18,"Full-time","Part-time",6,4,5,2.5,"Always",0,0,30,6,3,0,0,"Yes","Yes","Rarely",4,"Always",10,"Neutral","Agree","Strongly Agree","Agree","Disagree","Neutral","Neutral","Agree","Agree","Agree","Agree","Agree","Neutral",3,4,5,4,4,3,3,4,4,4,4,4,3,5,2,5,37,1
"Male",20,"Full-time","Not employed",5.5,4,3,2.5,"Often",8.5,0,8.5,24,4,0,0,"No","Yes","Always",0,"Sometimes",3,"Neutral","Disagree","Disagree","Neutral","Agree","Neutral","Disagree","Neutral","Neutral","Disagree","Disagree","Agree","Neutral",3,2,2,3,2,3,4,3,3,2,2,4,3,4,5,3,29,1
"Male",20,"Full-time","Not employed",9,5,3,3.5,"Often",0,1,4,7,0,2,1,"Yes","Yes","Sometimes",1,"Always",5,"Agree","Agree","Neutral","Agree","Disagree","Neutral","Agree","Agree","Disagree","Neutral","Neutral","Agree","Disagree",4,4,3,4,4,3,2,4,2,3,3,4,2,4,3,5,31,0
"Male",18,"Full-time","Part-time",8.5,5,18,3.25,"Always",0,0,20,33,0,0,0,"Yes","Yes","Always",1,"Sometimes",4.5,"Strongly Agree","Disagree","Disagree","Strongly Disagree","Agree","Agree","Agree","Disagree","Disagree","Agree","Disagree","Neutral","Neutral",5,2,2,1,2,4,2,2,2,4,2,3,3,5,5,3,25,0
"Male",20,"Full-time","Full-time",7,6,10,3.2,"Often",0,0,25,20,0,1,0,"Yes","Yes","Often",3,"Often",7,"Agree","Disagree","Agree","Disagree","Neutral","Neutral","Neutral","Disagree","Disagree","Disagree","Disagree","Neutral","Disagree",4,2,4,2,3,3,3,2,2,2,2,3,2,4,4,4,24,0
"Male",19,"Full-time","Part-time",6,4,15,3,"Often",16,0,10,15,2,0,0,"No","Yes","Sometimes",0,"Rarely",20,"Strongly Agree","Neutral","Strongly Agree","Disagree","Strongly Agree","Neutral","Agree","Disagree","Disagree","Disagree","Disagree","Disagree","Disagree",5,3,5,2,1,3,2,2,2,2,2,2,2,4,3,2,20,1
"Male",40,"Part-time","Full-time",6,2,2,3.6,"Always",0,20,20,4,0,0,0,"No","Yes","Never",3,"Often",2,"Strongly Disagree","Disagree","Strongly Agree","Disagree","Neutral","Agree","Agree","Disagree","Disagree","Disagree","Disagree","Disagree","Disagree",1,2,5,2,3,4,2,2,2,2,2,2,2,5,1,4,23,0
"Male",19,"Full-time","Part-time",4,18,20,2,"Always",0,3,14,10,2,1,2,"Yes","Yes","Often",1,"Often",35,"Agree","Neutral","Strongly Agree","Strongly Disagree","Strongly Agree","Neutral","Agree","Strongly Disagree","Neutral","Agree","Neutral","Neutral","Disagree",4,3,5,1,1,3,2,1,3,4,3,3,2,5,4,4,23,1
"Male",19,"Full-time","Part-time",7,4,2.5,2.75,"Always",0,0,0,8,2,1,0,"Yes","Yes","Sometimes",1,"Often",4,"Agree","Agree","Strongly Agree","Neutral","Neutral","Neutral","Agree","Neutral","Neutral","Disagree","Disagree","Neutral","Disagree",4,4,5,3,3,3,2,3,3,2,2,3,2,5,3,4,26,1
"Male",21,"Full-time","Not employed",9,6,3.5,3,"Always",0,2,5,12,17.5,0,0,"Yes","Yes","Always",0,"Sometimes",10,"Agree","Neutral","Agree","Agree","Agree","Agree","Neutral","Agree","Neutral","Strongly Agree","Agree","Agree","Neutral",4,3,4,4,2,4,3,4,3,5,4,4,3,5,5,3,36,1
"Male",48,"Full-time","Not employed",6,2,16,4,"Always",0,0,4,30,0,1,0,"No","Yes","Never",2,"Often",0,"Strongly Agree","Strongly Disagree","Agree","Agree","Strongly Disagree","Strongly Disagree","Strongly Disagree","Neutral","Neutral","Agree","Strongly Agree","Strongly Agree","Strongly Agree",5,1,4,4,5,1,5,3,3,4,5,5,5,5,1,4,40,0
"Male",20,"Part-time","Not employed",9.5,1,15,3,"Always",0,0,0,50,0,0,0,"Yes","Yes","Always",0,"Rarely",25,"Strongly Agree","Disagree","Disagree","Strongly Disagree","Agree","Agree","Neutral","Disagree","Disagree","Disagree","Disagree","Disagree","Disagree",5,2,2,1,2,4,3,2,2,2,2,2,2,5,5,2,22,0
"Male",21,"Full-time","Not employed",6.5,3,10,2.5,"Always",0,0,1.5,6,2,0,0,"No","Yes","Always",4,"Always",15,"Agree","Neutral","Agree","Disagree","Agree","Disagree","Neutral","Agree","Neutral","Agree","Disagree","Neutral","Neutral",4,3,4,2,2,2,3,4,3,4,2,3,3,5,5,5,28,1
"Male",25,"Full-time","Part-time",3,2,5,3,"Often",0,0,5,15,4,0,4,"Yes","Yes","Sometimes",3,"Sometimes",4,"Agree","Agree","Agree","Agree","Disagree","Agree","Disagree","Disagree","Neutral","Agree","Agree","Agree","Agree",4,4,4,4,4,4,4,2,3,4,4,4,4,4,3,3,37,1
"Male",27,"Full-time","Full-time",8,2,12,3.5,"Always",0,0,3,10,0,1,0,"No","Yes","Always",1,"Often",5.5,"Neutral","Disagree","Strongly Agree","Strongly Disagree","Strongly Agree","Disagree","Strongly Agree","Strongly Disagree","Strongly Disagree","Disagree","Strongly Disagree","Strongly Disagree","Strongly Disagree",3,2,5,1,1,2,1,1,1,2,1,1,1,5,5,4,12,0
"Male",21,"Full-time","Part-time",7.5,1,14,3.5,"Always",0,0,0,3,0,0,0,"Yes","Yes","Often",3,"Rarely",5,"Agree","Agree","Agree","Neutral","Agree","Disagree","Agree","Disagree","Disagree","Strongly Disagree","Strongly Disagree","Strongly Disagree","Strongly Disagree",4,4,4,3,2,2,2,2,2,1,1,1,1,5,4,2,17,0
"Male",39,"Part-time","Full-time",6,2,20,2,"Always",0,5,12,6,1,0,0,"No","Yes","Never",2,"Sometimes",2.5,"Neutral","Disagree","Agree","Disagree","Agree","Neutral","Agree","Disagree","Neutral","Disagree","Disagree","Disagree","Disagree",3,2,4,2,2,3,2,2,3,2,2,2,2,5,1,3,22,1
"Male",18,"Full-time","Not employed",3,2,2,2.5,"Always",0,5,4,2,0,0,0,"No","Yes","Always",7,"Often",10,"Neutral","Agree","Strongly Agree","Strongly Disagree","Agree","Strongly Disagree","Disagree","Neutral","Disagree","Neutral","Neutral","Disagree","Agree",3,4,5,1,2,1,4,3,2,3,3,2,4,5,5,4,25,0
"Male",30,"Full-time","Not employed",7,2,10,2.5,"Always",0,0,5,1,0,2,0,"No","Yes","Rarely",2,"Often",0,"Agree","Strongly Disagree","Disagree","Strongly Disagree","Strongly Agree","Disagree","Agree","Strongly Disagree","Strongly Disagree","Disagree","Disagree","Strongly Disagree","Disagree",4,1,2,1,1,2,2,1,1,2,2,1,2,5,2,4,15,0
"Male",20,"Full-time","Not employed",8,2,1,2.5,"Always",0,0,0,35,1.5,0,0,"No","Yes","Always",0,"Sometimes",5.5,"Agree","Disagree","Strongly Disagree","Strongly Agree","Strongly Agree","Strongly Agree","Strongly Agree","Strongly Agree","Strongly Agree","Disagree","Strongly Disagree","Strongly Agree","Disagree",4,2,1,5,1,5,1,5,5,2,1,5,2,5,5,3,32,1
"Male",18,"Full-time","Not employed",7,2,15,3,"Always",0,0,0,5,5,1,0,"Yes","Yes","Sometimes",2,"Often",6,"Agree","Agree","Strongly Agree","Disagree","Agree","Neutral","Agree","Disagree","Disagree","Neutral","Neutral","Agree","Disagree",4,4,5,2,2,3,2,2,2,3,3,4,2,5,3,4,25,1
"Male",23,"Full-time","Full-time",6,2,10,3,"Often",0,0,10,20,0,0,0,"No","Yes","Often",2,"Often",5,"Agree","Disagree","Agree","Neutral","Agree","Agree","Disagree","Disagree","Agree","Neutral","Disagree","Disagree","Disagree",4,2,4,3,2,4,4,2,4,3,2,2,2,4,4,4,28,0
"Male",23,"Full-time","Part-time",7,2,2,3,"Always",30,0,20,5,15,0,0,"No","Yes","Never",2,"Often",1,"Agree","Disagree","Agree","Neutral","Disagree","Strongly Agree","Disagree","Agree","Neutral","Agree","Agree","Agree","Agree",4,2,4,3,4,5,4,4,3,4,4,4,4,5,1,4,39,1
"Male",21,"Full-time","Part-time",8,1,3,3.8,"Always",0,0,2,4,3,0,0,"No","Yes","Never",1,"Often",15,"Agree","Disagree","Strongly Agree","Disagree","Agree","Agree","Agree","Disagree","Agree","Agree","Neutral","Agree","Disagree",4,2,5,2,2,4,2,2,4,4,3,4,2,5,1,4,29,1
"Male",21,"Full-time","Part-time",5,2,3,2.5,"Always",0,0,20,5,3.5,0,0,"No","Yes","Rarely",0,"Sometimes",2,"Agree","Neutral","Neutral","Disagree","Neutral","Disagree","Strongly Agree","Agree","Agree","Neutral","Neutral","Strongly Agree","Agree",4,3,3,2,3,2,1,4,4,3,3,5,4,5,2,3,31,1
"Male",19,"Full-time","Full-time",5,5,15,3.3,"Always",0,1,7,5,0,1,3,"Yes","Yes","Often",2,"Sometimes",40,"Agree","Neutral","Agree","Neutral","Agree","Neutral","Disagree","Disagree","Disagree","Disagree","Strongly Disagree","Strongly Disagree","Strongly Disagree",4,3,4,3,2,3,4,2,2,2,1,1,1,5,4,3,21,0
"Male",22,"Full-time","Part-time",7.5,4,10,3,"Often",0,0,7,12,0,0,0,"Yes","Yes","Rarely",1,"Often",1.5,"Strongly Agree","Neutral","Strongly Agree","Disagree","Agree","Neutral","Agree","Disagree","Disagree","Strongly Disagree","Strongly Disagree","Disagree","Disagree",5,3,5,2,2,3,2,2,2,1,1,2,2,4,2,4,19,0
"Male",20,"Full-time","Part-time",4,5,16,4,"Always",0,0,1,20,0,0,0,"Yes","Yes","Always",0,"Sometimes",4,"Strongly Agree","Neutral","Agree","Neutral","Neutral","Agree","Disagree","Agree","Agree","Neutral","Disagree","Agree","Agree",5,3,4,3,3,4,4,4,4,3,2,4,4,5,5,3,35,0
"Male",19,"Full-time","Full-time",5,4,12,3.65,"Always",0,0,0,4,0,0,0,"Yes","Yes","Sometimes",0,"Rarely",9,"Neutral","Neutral","Neutral","Neutral","Neutral","Agree","Neutral","Neutral","Disagree","Neutral","Neutral","Neutral","Neutral",3,3,3,3,3,4,3,3,2,3,3,3,3,5,3,2,30,0
"Male",18,"Full-time","Not employed",7,5,10,3.5,"Always",0,2,10,0,0,0,0,"No","Yes","Sometimes",0,"Always",7,"Agree","Agree","Neutral","Disagree","Strongly Agree","Disagree","Agree","Disagree","Strongly Disagree","Disagree","Strongly Disagree","Disagree","Disagree",4,4,3,2,1,2,2,2,1,2,1,2,2,5,3,5,17,0
"Male",18,"Full-time","Not employed",7,5,4,3,"Often",0,0,3,4,0,0,0,"No","Yes","Sometimes",0,"Always",4,"Agree","Neutral","Agree","Disagree","Neutral","Neutral","Neutral","Neutral","Disagree","Agree","Disagree","Neutral","Disagree",4,3,4,2,3,3,3,3,2,4,2,3,2,4,3,5,27,0
"Male",20,"Full-time","Full-time",6,5,10,4,"Always",0,0,12,3,1,2,0,"Yes","Yes","Always",3,"Rarely",1,"Agree","Agree","Agree","Disagree","Agree","Agree","Strongly Agree","Strongly Disagree","Strongly Disagree","Strongly Disagree","Strongly Disagree","Strongly Disagree","Strongly Disagree",4,4,4,2,2,4,1,1,1,1,1,1,1,5,5,2,15,1
"Male",24,"Part-time","Part-time",4,2,2,2,"Often",0,0,3,4,0,0,0,"No","No","Always",1,"Sometimes",15,"Strongly Agree","Neutral","Strongly Agree","Strongly Disagree","Strongly Agree","Neutral","Neutral","Neutral","Neutral","Strongly Agree","Agree","Neutral","Neutral",5,3,5,1,1,3,3,3,3,5,4,3,3,4,5,3,29,0
"Male",20,"Full-time","Part-time",8,6,5,4,"Always",0,0,0,3,10,0,0,"No","Yes","Always",2,"Sometimes",10,"Disagree","Neutral","Disagree","Strongly Agree","Strongly Disagree","Strongly Agree","Disagree","Agree","Agree","Strongly Agree","Strongly Agree","Strongly Agree","Neutral",2,3,2,5,5,5,4,4,4,5,5,5,3,5,5,3,45,1
"Male",25,"Part-time","Full-time",7,1,5,3,"Always",0,0,2,5,4,0,0,"No","Yes","Rarely",2,"Often",48,"Agree","Neutral","Strongly Agree","Agree","Agree","Agree","Agree","Neutral","Agree","Neutral","Neutral","Neutral","Disagree",4,3,5,4,2,4,2,3,4,3,3,3,2,5,2,4,30,1
"Male",20,"Full-time","Part-time",7,4,8,3,"Often",0,0,6,12,0,0,0,"No","Yes","Always",0,"Never",6,"Agree","Disagree","Strongly Disagree","Agree","Disagree","Agree","Disagree","Neutral","Disagree","Disagree","Disagree","Disagree","Neutral",4,2,1,4,4,4,4,3,2,2,2,2,3,4,5,1,30,0
"Male",18,"Full-time","Not employed",7.5,5,20,4,"Always",0,0,6,20,0,1,0,"Yes","Yes","Always",0,"Never",5,"Agree","Neutral","Neutral","Agree","Strongly Agree","Agree","Agree","Strongly Disagree","Strongly Disagree","Agree","Strongly Agree","Agree","Strongly Disagree",4,3,3,4,1,4,2,1,1,4,5,4,1,5,5,1,27,0
"Male",18,"Full-time","Part-time",10,4,4,3,"Always",0,0,0,1,12,0,0,"No","Yes","Often",0,"Sometimes",7,"Agree","Strongly Disagree","Neutral","Agree","Neutral","Strongly Agree","Disagree","Neutral","Neutral","Agree","Neutral","Neutral","Strongly Disagree",4,1,3,4,3,5,4,3,3,4,3,3,1,5,4,3,33,1
"Male",21,"Full-time","Part-time",7,4,8,3.5,"Always",0,0,10,18,3,0,1,"Yes","Yes","Always",2,"Sometimes",3.5,"Agree","Disagree","Disagree","Disagree","Agree","Agree","Neutral","Disagree","Neutral","Disagree","Neutral","Disagree","Disagree",4,2,2,2,2,4,3,2,3,2,3,2,2,5,5,3,25,1
"Male",27,"Full-time","Full-time",4,4,5,2.8,"Often",18,0,7,12,0,0,0,"No","Yes","Never",1,"Sometimes",8.5,"Neutral","Disagree","Agree","Disagree","Agree","Agree","Disagree","Neutral","Neutral","Neutral","Neutral","Neutral","Agree",3,2,4,2,2,4,4,3,3,3,3,3,4,4,1,3,31,0
"Male",25,"Full-time","Part-time",8,5,10,3,"Always",25,3,10,5,0,1,0,"No","Yes","Never",4,"Rarely",3,"Agree","Neutral","Agree","Strongly Disagree","Agree","Disagree","Strongly Disagree","Strongly Disagree","Strongly Disagree","Strongly Disagree","Strongly Disagree","Strongly Disagree","Strongly Disagree",4,3,4,1,2,2,5,1,1,1,1,1,1,5,1,2,16,0
"Male",19,"Full-time","Not employed",5,5,10,3,"Always",0,0,1,10,3,1,2,"No","Yes","Rarely",2,"Always",14,"Agree","Agree","Strongly Disagree","Strongly Agree","Agree","Agree","Disagree","Disagree","Disagree","Disagree","Disagree","Disagree","Disagree",4,4,1,5,2,4,4,2,2,2,2,2,2,5,2,5,27,1
"Male",21,"Full-time","Full-time",7,4,27.5,2.5,"Always",12.5,0,1,2,3,0,0,"Yes","Yes","Often",2,"Sometimes",15,"Agree","Neutral","Strongly Agree","Agree","Agree","Neutral","Disagree","Neutral","Agree","Disagree","Strongly Disagree","Neutral","Disagree",4,3,5,4,2,3,4,3,4,2,1,3,2,5,4,3,28,1
"Male",18,"Full-time","Not employed",10,4,8,3,"Often",0,2,7,25,0,0,0,"Yes","Yes","Always",1,"Always",8,"Neutral","Strongly Disagree","Strongly Agree","Agree","Agree","Agree","Disagree","Neutral","Agree","Neutral","Neutral","Neutral","Agree",3,1,5,4,2,4,4,3,4,3,3,3,4,4,5,5,34,0
"Male",18,"Full-time","Not employed",7,5,11,3,"Always",0,0,20,20,0,0,0,"Yes","Yes","Always",0,"Often",7.6,"Strongly Agree","Neutral","Neutral","Strongly Disagree","Strongly Agree","Strongly Disagree","Agree","Strongly Disagree","Strongly Disagree","Strongly Disagree","Strongly Disagree","Neutral","Disagree",5,3,3,1,1,1,2,1,1,1,1,3,2,5,5,4,14,0
"Male",30,"Full-time","Full-time",9.5,3,28,4,"Always",0,8,16,2,0,0,2,"No","Yes","Never",1,"Rarely",4,"Strongly Agree","Agree","Strongly Agree","Strongly Disagree","Strongly Agree","Disagree","Strongly Agree","Disagree","Strongly Agree","Disagree","Disagree","Strongly Agree","Strongly Disagree",5,4,5,1,1,2,1,2,5,2,2,5,1,5,1,2,22,0
"Male",18,"Full-time","Full-time",4,4,16,2,"Always",0,1,25,1,0,1,0,"No","Yes","Often",0,"Always",4,"Neutral","Disagree","Agree","Disagree","Neutral","Strongly Agree","Neutral","Disagree","Strongly Disagree","Disagree","Disagree","Disagree","Disagree",3,2,4,2,3,5,3,2,1,2,2,2,2,5,4,5,24,0
"Male",19,"Full-time","Not employed",8,5,6,3,"Always",0,0,3,15,1.5,0,0,"Yes","Yes","Always",1,"Sometimes",6.5,"Agree","Disagree","Neutral","Disagree","Agree","Agree","Agree","Neutral","Disagree","Disagree","Disagree","Agree","Strongly Disagree",4,2,3,2,2,4,2,3,2,2,2,4,1,5,5,3,24,1
"Male",18,"Full-time","Not employed",4,4,1,2.5,"Often",15,0,21,3,25,0,0,"Yes","Yes","Often",0,"Often",3,"Disagree","Strongly Disagree","Strongly Disagree","Disagree","Agree","Agree","Neutral","Strongly Disagree","Neutral","Agree","Neutral","Agree","Neutral",2,1,1,2,2,4,3,1,3,4,3,4,3,4,4,4,29,1
"Male",25,"Full-time","Part-time",7,5,15,3.79,"Always",0,0,5,20,10,0,0,"No","Yes","Often",1,"Sometimes",5,"Strongly Agree","Neutral","Agree","Disagree","Agree","Agree","Neutral","Disagree","Disagree","Disagree","Disagree","Disagree","Disagree",5,3,4,2,2,4,3,2,2,2,2,2,2,5,4,3,23,1
"Male",18,"Full-time","Not employed",10,4,15,2.5,"Always",0,0,4,10,0,1,1,"Yes","Yes","Always",2,"Sometimes",7,"Neutral","Neutral","Agree","Agree","Strongly Agree","Neutral","Disagree","Neutral","Neutral","Neutral","Neutral","Agree","Neutral",3,3,4,4,1,3,4,3,3,3,3,4,3,5,5,3,31,0
"Male",19,"Full-time","Part-time",6,5,1,3,"Always",0,0,0,2,10,0,0,"Yes","Yes","Never",0,"Always",6,"Strongly Agree","Strongly Agree","Strongly Agree","Disagree","Agree","Agree","Neutral","Disagree","Disagree","Agree","Disagree","Neutral","Disagree",5,5,5,2,2,4,3,2,2,4,2,3,2,5,1,5,26,1
"Male",30,"Full-time","Full-time",7,6,25,3.75,"Always",0,0,7,15,0,0,0,"No","Yes","Sometimes",0,"Rarely",2,"Agree","Neutral","Agree","Neutral","Agree","Disagree","Disagree","Disagree","Neutral","Disagree","Disagree","Disagree","Disagree",4,3,4,3,2,2,4,2,3,2,2,2,2,5,3,2,24,0
"Male",19,"Full-time","Not employed",6,4,6,2.5,"Always",0,0,0,0,0,0,0,"No","Yes","Always",0,"Rarely",7.5,"Agree","Strongly Disagree","Strongly Disagree","Strongly Disagree","Strongly Agree","Neutral","Strongly Agree","Neutral","Disagree","Strongly Disagree","Strongly Disagree","Neutral","Strongly Disagree",4,1,1,1,1,3,1,3,2,1,1,3,1,5,5,2,17,0
"Male",23,"Full-time","Part-time",8,6,3.5,3,"Often",0,0,10,4.5,2.5,1,0,"No","Yes","Often",1,"Often",2,"Agree","Strongly Disagree","Agree","Disagree","Agree","Neutral","Neutral","Disagree","Disagree","Agree","Disagree","Disagree","Disagree",4,1,4,2,2,3,3,2,2,4,2,2,2,4,4,4,24,1
"Male",21,"Full-time","Part-time",7,5,2,2.5,"Often",0,0,0,5,0,1,0,"Yes","Yes","Never",3,"Always",0,"Neutral","Strongly Disagree","Strongly Agree","Strongly Disagree","Agree","Disagree","Agree","Neutral","Disagree","Disagree","Strongly Disagree","Disagree","Strongly Disagree",3,1,5,1,2,2,2,3,2,2,1,2,1,4,1,5,18,0
"Male",19,"Full-time","Part-time",6,4,6,3,"Always",0,0,0,2,0,2,0,"Yes","Yes","Always",2,"Rarely",7,"Agree","Agree","Agree","Agree","Agree","Strongly Agree","Agree","Disagree","Disagree","Disagree","Disagree","Disagree","Disagree",4,4,4,4,2,5,2,2,2,2,2,2,2,5,5,2,25,0
"Male",20,"Full-time","Not employed",7,6,15,3.5,"Often",0,0,14,20,25,0,0,"No","Yes","Rarely",4,"Sometimes",5,"Agree","Disagree","Strongly Disagree","Neutral","Agree","Agree","Disagree","Strongly Disagree","Strongly Disagree","Strongly Disagree","Strongly Disagree","Strongly Disagree","Disagree",4,2,1,3,2,4,4,1,1,1,1,1,2,4,2,3,20,1
"Male",18,"Full-time","Not employed",7,4,8,3.5,"Always",0,0,2,6,0,1,2,"No","Yes","Always",2,"Sometimes",26,"Strongly Agree","Agree","Neutral","Disagree","Strongly Agree","Disagree","Neutral","Neutral","Disagree","Disagree","Disagree","Disagree","Disagree",5,4,3,2,1,2,3,3,2,2,2,2,2,5,5,3,21,0
"Male",25,"Full-time","Part-time",7,5,10,3.8,"Always",0,0,5,5,10,0,0,"No","Yes","Often",1,"Sometimes",5,"Agree","Disagree","Agree","Disagree","Agree","Neutral","Agree","Disagree","Disagree","Disagree","Strongly Disagree","Disagree","Disagree",4,2,4,2,2,3,2,2,2,2,1,2,2,5,4,3,20,1
"Male",24,"Full-time","Part-time",4,5,5.5,2,"Always",0,0,0,3,0,0,0,"No","Yes","Always",1,"Sometimes",1,"Neutral","Disagree","Neutral","Neutral","Agree","Neutral","Disagree","Agree","Agree","Strongly Agree","Strongly Agree","Strongly Agree","Neutral",3,2,3,3,2,3,4,4,4,5,5,5,3,5,5,3,38,0
"Male",20,"Full-time","Part-time",7,4,3,3.25,"Often",15,2,2,6,20,0,0,"No","Yes","Often",0,"Often",3,"Agree","Agree","Strongly Agree","Disagree","Agree","Neutral","Agree","Disagree","Disagree","Disagree","Disagree","Neutral","Disagree",4,4,5,2,2,3,2,2,2,2,2,3,2,4,4,4,22,1
"Male",19,"Part-time","Full-time",6,2,4,2.5,"Always",0,0,4,6,6,0,0,"No","Yes","Often",0,"Sometimes",8,"Strongly Agree","Strongly Disagree","Agree","Agree","Agree","Agree","Disagree","Disagree","Neutral","Disagree","Disagree","Disagree","Agree",5,1,4,4,2,4,4,2,3,2,2,2,4,5,4,3,29,1
"Male",28,"Full-time","Part-time",6,5,22.5,2.8,"Always",0,0,0,8,1.5,0,0,"No","Yes","Never",2,"Sometimes",3,"Neutral","Strongly Disagree","Neutral","Disagree","Agree","Disagree","Neutral","Neutral","Disagree","Strongly Disagree","Strongly Disagree","Disagree","Disagree",3,1,3,2,2,2,3,3,2,1,1,2,2,5,1,3,20,1
"Male",18,"Full-time","Part-time",8,4,3,2.5,"Always",0,1,20,10,2,1,0,"Yes","Yes","Rarely",2,"Always",0,"Agree","Disagree","Agree","Strongly Agree","Neutral","Strongly Agree","Agree","Strongly Agree","Disagree","Agree","Agree","Strongly Agree","Disagree",4,2,4,5,3,5,2,5,2,4,4,5,2,5,2,5,37,1
"Male",18,"Full-time","Part-time",5,5,12,3,"Always",0,2,5,6,0,0,0,"Yes","No","Always",0,"Rarely",5,"Agree","Strongly Disagree","Neutral","Agree","Neutral","Agree","Agree","Agree","Agree","Agree","Agree","Agree","Agree",4,1,3,4,3,4,2,4,4,4,4,4,4,5,5,2,37,0
"Male",18,"Full-time","Not employed",7,5,6,2.5,"Often",0,0,12,2,4,1,0,"No","Yes","Always",0,"Sometimes",10,"Neutral","Disagree","Neutral","Neutral","Neutral","Neutral","Neutral","Neutral","Agree","Neutral","Neutral","Agree","Neutral",3,2,3,3,3,3,3,3,4,3,3,4,3,4,5,3,32,1
"Male",20,"Full-time","Part-time",5,4,1,3.5,"Always",0,0,0,1,0,1,0,"No","Yes","Never",2,"Sometimes",7,"Neutral","Neutral","Strongly Disagree","Disagree","Agree","Agree","Neutral","Agree","Strongly Agree","Strongly Agree","Disagree","Strongly Agree","Neutral",3,3,1,2,2,4,3,4,5,5,2,5,3,5,1,3,35,0
"Male",20,"Full-time","Not employed",8,5,10,3.5,"Always",0,0,15,20,2,0,0,"No","Yes","Always",0,"Often",2,"Agree","Neutral","Neutral","Agree","Neutral","Agree","Neutral","Disagree","Agree","Neutral","Disagree","Agree","Neutral",4,3,3,4,3,4,3,2,4,3,2,4,3,5,5,4,32,1
"Male",18,"Full-time","Part-time",8.5,4,28,2,"Always",0,8,0,5,0,0,0,"Yes","Yes","Always",1,"Rarely",1.5,"Agree","Disagree","Neutral","Neutral","Neutral","Agree","Neutral","Disagree","Strongly Disagree","Strongly Disagree","Disagree","Disagree","Neutral",4,2,3,3,3,4,3,2,1,1,2,2,3,5,5,2,24,0
"Male",29,"Part-time","Full-time",7,2,3,3,"Often",0,0,0,10,0,0,0,"Yes","Yes","Rarely",4,"Often",10,"Disagree","Disagree","Agree","Disagree","Agree","Agree","Agree","Disagree","Disagree","Disagree","Disagree","Disagree","Strongly Disagree",2,2,4,2,2,4,2,2,2,2,2,2,1,4,2,4,21,0
"Male",19,"Full-time","Part-time",8,4,4,3.3,"Always",0,0,16,6,0,0,0,"Yes","Yes","Often",0,"Sometimes",2,"Agree","Strongly Disagree","Strongly Disagree","Neutral","Agree","Neutral","Neutral","Neutral","Agree","Agree","Agree","Agree","Disagree",4,1,1,3,2,3,3,3,4,4,4,4,2,5,4,3,32,0
"Male",18,"Full-time","Not employed",7.5,4,7,3.5,"Always",0,0,4,5,0,0,0,"No","Yes","Always",2,"Often",25,"Agree","Neutral","Disagree","Disagree","Agree","Disagree","Neutral","Disagree","Strongly Disagree","Neutral","Neutral","Neutral","Disagree",4,3,2,2,2,2,3,2,1,3,3,3,2,5,5,4,23,0
"Male",19,"Full-time","Part-time",9,15,3,3.7,"Always",0,0,0,20,10,0,0,"No","Yes","Always",1,"Often",13,"Agree","Disagree","Neutral","Agree","Neutral","Agree","Neutral","Agree","Agree","Agree","Neutral","Agree","Neutral",4,2,3,4,3,4,3,4,4,4,3,4,3,5,5,4,36,1
"Male",24,"Full-time","Not employed",8.5,4,2.5,3,"Always",0,0,3.5,21,0,0,0,"No","Yes","Often",0,"Never",1.5,"Neutral","Disagree","Disagree","Agree","Agree","Agree","Neutral","Neutral","Agree","Neutral","Neutral","Agree","Neutral",3,2,2,4,2,4,3,3,4,3,3,4,3,5,4,1,33,0
"Male",18,"Full-time","Not employed",5,4,25,3,"Always",20,0,3,1,20,0,0,"No","Yes","Always",0,"Often",2,"Agree","Disagree","Disagree","Neutral","Neutral","Agree","Agree","Neutral","Neutral","Strongly Agree","Agree","Neutral","Disagree",4,2,2,3,3,4,2,3,3,5,4,3,2,5,5,4,32,1
"Male",20,"Full-time","Not employed",7,5,10,2.7,"Always",0,0,2,20,2,0,0,"No","Yes","Sometimes",0,"Rarely",0,"Agree","Agree","Agree","Disagree","Agree","Disagree","Agree","Strongly Disagree","Strongly Disagree","Disagree","Disagree","Disagree","Disagree",4,4,4,2,2,2,2,1,1,2,2,2,2,5,3,2,18,1
"Male",21,"Part-time","Full-time",8,2,12,3,"Often",0,3,10,10,1,1,0,"Yes","Yes","Never",0,"Sometimes",0,"Agree","Neutral","Agree","Disagree","Agree","Neutral","Disagree","Disagree","Neutral","Strongly Disagree","Strongly Disagree","Disagree","Disagree",4,3,4,2,2,3,4,2,3,1,1,2,2,4,1,3,22,1
"Male",18,"Full-time","Part-time",7,4,3,3.8,"Always",0,0,2,3,0,0,0,"Yes","Yes","Always",0,"Always",0.5,"Agree","Neutral","Strongly Agree","Agree","Neutral","Agree","Neutral","Neutral","Disagree","Agree","Neutral","Disagree","Disagree",4,3,5,4,3,4,3,3,2,4,3,2,2,5,5,5,30,0
"Male",23,"Full-time","Part-time",6.5,3,5,2.5,"Always",0,0,10,20,0,0,0,"Yes","Yes","Sometimes",1,"Sometimes",2,"Agree","Neutral","Agree","Disagree","Agree","Disagree","Agree","Disagree","Disagree","Disagree","Disagree","Disagree","Disagree",4,3,4,2,2,2,2,2,2,2,2,2,2,5,3,3,20,0
"Male",18,"Full-time","Not employed",7.5,4,1,3,"Always",0,0,20,10,0,0,0,"No","Yes","Rarely",1,"Often",7,"Neutral","Disagree","Agree","Disagree","Agree","Disagree","Disagree","Disagree","Disagree","Disagree","Disagree","Agree","Disagree",3,2,4,2,2,2,4,2,2,2,2,4,2,5,2,4,24,0
"Male",18,"Full-time","Not employed",2,5,8,2,"Sometimes",12,0,2,0,20,0,0,"No","Yes","Rarely",0,"Always",10,"Neutral","Strongly Disagree","Strongly Disagree","Strongly Agree","Disagree","Strongly Agree","Strongly Disagree","Strongly Agree","Agree","Neutral","Neutral","Agree","Strongly Agree",3,1,1,5,4,5,5,5,4,3,3,4,5,3,2,5,43,1
"Male",19,"Full-time","Not employed",7,3,3.5,3,"Often",0,0,0,7,3,0,0,"No","Yes","Rarely",0,"Rarely",5.5,"Neutral","Disagree","Strongly Disagree","Neutral","Agree","Agree","Agree","Neutral","Neutral","Agree","Neutral","Neutral","Disagree",3,2,1,3,2,4,2,3,3,4,3,3,2,4,2,2,29,1
"Male",18,"Full-time","Part-time",11,5,2.5,3,"Sometimes",0,0,2,2.5,7.5,0,0,"No","Yes","Always",0,"Sometimes",10,"Neutral","Disagree","Agree","Neutral","Agree","Agree","Disagree","Neutral","Disagree","Neutral","Agree","Disagree","Disagree",3,2,4,3,2,4,4,3,2,3,4,2,2,3,5,3,29,1
"Male",19,"Full-time","Part-time",5.5,4,1,2.75,"Often",0,0,25,8.5,0,0,0,"Yes","Yes","Sometimes",1,"Sometimes",7,"Agree","Agree","Agree","Disagree","Agree","Agree","Agree","Disagree","Strongly Disagree","Disagree","Disagree","Disagree","Disagree",4,4,4,2,2,4,2,2,1,2,2,2,2,4,3,3,21,0
"Male",19,"Full-time","Part-time",4.5,4,3.5,2,"Always",15,0,0,10,12,0,0,"No","Yes","Often",1,"Sometimes",3,"Neutral","Disagree","Strongly Disagree","Neutral","Agree","Agree","Agree","Agree","Neutral","Disagree","Strongly Disagree","Neutral","Disagree",3,2,1,3,2,4,2,4,3,2,1,3,2,5,4,3,26,1
"Male",19,"Full-time","Part-time",5,4,4,3,"Always",0,0,20,6,0,1,1,"Yes","Yes","Often",0,"Sometimes",1.5,"Neutral","Disagree","Agree","Disagree","Agree","Agree","Agree","Disagree","Strongly Disagree","Disagree","Disagree","Disagree","Disagree",3,2,4,2,2,4,2,2,1,2,2,2,2,5,4,3,21,0
"Male",20,"Full-time","Full-time",3,4,10,2,"Often",10,0,15,24,20,1,0,"Yes","Yes","Rarely",3,"Always",6,"Agree","Disagree","Neutral","Disagree","Agree","Agree","Strongly Disagree","Disagree","Disagree","Neutral","Strongly Disagree","Strongly Disagree","Strongly Disagree",4,2,3,2,2,4,5,2,2,3,1,1,1,4,2,5,23,1
"Male",21,"Full-time","Not employed",7,3,4,3,"Always",0,12,30,15,10,2,0,"No","Yes","Often",3,"Often",2,"Neutral","Agree","Agree","Neutral","Agree","Strongly Disagree","Neutral","Disagree","Agree","Neutral","Strongly Disagree","Disagree","Disagree",3,4,4,3,2,1,3,2,4,3,1,2,2,5,4,4,23,1
"Male",21,"Full-time","Not employed",5,5,2,3,"Often",4,3,8,25,7,0,2,"No","Yes","Always",0,"Sometimes",2,"Agree","Neutral","Disagree","Strongly Agree","Strongly Disagree","Agree","Neutral","Agree","Agree","Agree","Agree","Agree","Neutral",4,3,2,5,5,4,3,4,4,4,4,4,3,4,5,3,40,1
"Male",19,"Full-time","Not employed",7,5,3,2.8,"Always",0,0,18,22,30,0,0,"No","Yes","Often",0,"Always",10,"Agree","Neutral","Strongly Disagree","Disagree","Agree","Disagree","Neutral","Neutral","Neutral","Neutral","Agree","Agree","Neutral",4,3,1,2,2,2,3,3,3,3,4,4,3,5,4,5,29,1
"Male",21,"Full-time","Part-time",8,12,2,2,"Always",0,0,1,40,5,0,0,"Yes","Yes","Never",2,"Often",5,"Agree","Agree","Agree","Neutral","Neutral","Agree","Neutral","Agree","Neutral","Neutral","Neutral","Neutral","Neutral",4,4,4,3,3,4,3,4,3,3,3,3,3,5,1,4,32,1
"Male",19,"Full-time","Part-time",6,5,30,3,"Always",0,0,0,12,0,0,0,"No","Yes","Always",0,"Sometimes",30,"Agree","Disagree","Agree","Disagree","Neutral","Disagree","Disagree","Disagree","Neutral","Neutral","Disagree","Neutral","Disagree",4,2,4,2,3,2,4,2,3,3,2,3,2,5,5,3,26,0
